# Blender 4.5.1 LTS
# www.blender.org
mtllib axis.mtl
o Cylinder
v 0.000000 0.001391 -0.100000
v 0.000000 0.201391 -0.100000
v 0.019509 0.001391 -0.098079
v 0.019509 0.201391 -0.098079
v 0.038268 0.001391 -0.092388
v 0.038268 0.201391 -0.092388
v 0.055557 0.001391 -0.083147
v 0.055557 0.201391 -0.083147
v 0.070711 0.001391 -0.070711
v 0.070711 0.201391 -0.070711
v 0.083147 0.001391 -0.055557
v 0.083147 0.201391 -0.055557
v 0.092388 0.001391 -0.038268
v 0.092388 0.201391 -0.038268
v 0.098079 0.001391 -0.019509
v 0.098079 0.201391 -0.019509
v 0.100000 0.001391 -0.000000
v 0.100000 0.201391 -0.000000
v 0.098079 0.001391 0.019509
v 0.098079 0.201391 0.019509
v 0.092388 0.001391 0.038268
v 0.092388 0.201391 0.038268
v 0.083147 0.001391 0.055557
v 0.083147 0.201391 0.055557
v 0.070711 0.001391 0.070711
v 0.070711 0.201391 0.070711
v 0.055557 0.001391 0.083147
v 0.055557 0.201391 0.083147
v 0.038268 0.001391 0.092388
v 0.038268 0.201391 0.092388
v 0.019509 0.001391 0.098079
v 0.019509 0.201391 0.098079
v 0.000000 0.001391 0.100000
v 0.000000 0.201391 0.100000
v -0.019509 0.001391 0.098079
v -0.019509 0.201391 0.098079
v -0.038268 0.001391 0.092388
v -0.038268 0.201391 0.092388
v -0.055557 0.001391 0.083147
v -0.055557 0.201391 0.083147
v -0.070711 0.001391 0.070711
v -0.070711 0.201391 0.070711
v -0.083147 0.001391 0.055557
v -0.083147 0.201391 0.055557
v -0.092388 0.001391 0.038268
v -0.092388 0.201391 0.038268
v -0.098079 0.001391 0.019509
v -0.098079 0.201391 0.019509
v -0.100000 0.001391 -0.000000
v -0.100000 0.201391 -0.000000
v -0.098079 0.001391 -0.019509
v -0.098079 0.201391 -0.019509
v -0.092388 0.001391 -0.038268
v -0.092388 0.201391 -0.038268
v -0.083147 0.001391 -0.055557
v -0.083147 0.201391 -0.055557
v -0.070711 0.001391 -0.070711
v -0.070711 0.201391 -0.070711
v -0.055557 0.001391 -0.083147
v -0.055557 0.201391 -0.083147
v -0.038268 0.001391 -0.092388
v -0.038268 0.201391 -0.092388
v -0.019509 0.001391 -0.098079
v -0.019509 0.201391 -0.098079
v 0.019509 0.201391 -0.098079
v 0.000000 0.201391 -0.100000
v 0.038268 0.201391 -0.092388
v 0.055557 0.201391 -0.083147
v 0.070711 0.201391 -0.070711
v 0.083147 0.201391 -0.055557
v 0.092388 0.201391 -0.038268
v 0.098079 0.201391 -0.019509
v 0.100000 0.201391 -0.000000
v 0.098079 0.201391 0.019509
v 0.092388 0.201391 0.038268
v 0.083147 0.201391 0.055557
v 0.070711 0.201391 0.070711
v 0.055557 0.201391 0.083147
v 0.038268 0.201391 0.092388
v 0.019509 0.201391 0.098079
v 0.000000 0.201391 0.100000
v -0.019509 0.201391 0.098079
v -0.038268 0.201391 0.092388
v -0.055557 0.201391 0.083147
v -0.070711 0.201391 0.070711
v -0.083147 0.201391 0.055557
v -0.092388 0.201391 0.038268
v -0.098079 0.201391 0.019509
v -0.100000 0.201391 -0.000000
v -0.098079 0.201391 -0.019509
v -0.092388 0.201391 -0.038268
v -0.083147 0.201391 -0.055557
v -0.070711 0.201391 -0.070711
v -0.055557 0.201391 -0.083147
v -0.038268 0.201391 -0.092388
v -0.019509 0.201391 -0.098079
v 0.019509 2.201391 -0.098079
v 0.000000 2.201391 -0.100000
v 0.038268 2.201391 -0.092388
v 0.055557 2.201391 -0.083147
v 0.070711 2.201391 -0.070711
v 0.083147 2.201391 -0.055557
v 0.092388 2.201391 -0.038268
v 0.098079 2.201391 -0.019509
v 0.100000 2.201391 -0.000000
v 0.098079 2.201391 0.019509
v 0.092388 2.201391 0.038268
v 0.083147 2.201391 0.055557
v 0.070711 2.201391 0.070711
v 0.055557 2.201391 0.083147
v 0.038268 2.201391 0.092388
v 0.019509 2.201391 0.098078
v 0.000000 2.201391 0.100000
v -0.019509 2.201391 0.098078
v -0.038268 2.201391 0.092388
v -0.055557 2.201391 0.083147
v -0.070711 2.201391 0.070711
v -0.083147 2.201391 0.055557
v -0.092388 2.201391 0.038268
v -0.098079 2.201391 0.019509
v -0.100000 2.201391 -0.000000
v -0.098079 2.201391 -0.019509
v -0.092388 2.201391 -0.038268
v -0.083147 2.201391 -0.055557
v -0.070711 2.201391 -0.070711
v -0.055557 2.201391 -0.083147
v -0.038268 2.201391 -0.092388
v -0.019509 2.201391 -0.098079
v 0.039018 2.201391 -0.196157
v 0.000000 2.201391 -0.200000
v 0.076537 2.201391 -0.184776
v 0.111114 2.201391 -0.166294
v 0.141421 2.201391 -0.141422
v 0.166294 2.201391 -0.111114
v 0.184776 2.201391 -0.076537
v 0.196157 2.201391 -0.039018
v 0.200000 2.201391 -0.000000
v 0.196157 2.201391 0.039018
v 0.184776 2.201391 0.076537
v 0.166294 2.201391 0.111114
v 0.141421 2.201391 0.141421
v 0.111114 2.201391 0.166294
v 0.076537 2.201391 0.184776
v 0.039018 2.201391 0.196157
v 0.000000 2.201391 0.200000
v -0.039018 2.201391 0.196157
v -0.076537 2.201391 0.184776
v -0.111114 2.201391 0.166294
v -0.141421 2.201391 0.141421
v -0.166294 2.201391 0.111114
v -0.184776 2.201391 0.076537
v -0.196157 2.201391 0.039018
v -0.200000 2.201391 -0.000000
v -0.196157 2.201391 -0.039018
v -0.184776 2.201391 -0.076537
v -0.166294 2.201391 -0.111114
v -0.141421 2.201391 -0.141422
v -0.111114 2.201391 -0.166294
v -0.076537 2.201391 -0.184776
v -0.039018 2.201391 -0.196157
v 0.000000 2.801392 -0.000000
v 0.000000 2.801392 -0.000000
v 0.000000 2.801392 -0.000000
v 0.000000 2.801392 -0.000000
v 0.000000 2.801392 -0.000000
v 0.000000 2.801392 -0.000000
v 0.000000 2.801392 -0.000000
v 0.000000 2.801392 -0.000000
v 0.000000 2.801392 -0.000000
v 0.000000 2.801392 -0.000000
v 0.000000 2.801392 -0.000000
v 0.000000 2.801392 -0.000000
v 0.000000 2.801392 -0.000000
v 0.000000 2.801392 -0.000000
v 0.000000 2.801392 -0.000000
v 0.000000 2.801392 -0.000000
v 0.000000 2.801392 -0.000000
v 0.000000 2.801392 -0.000000
v 0.000000 2.801392 -0.000000
v 0.000000 2.801392 -0.000000
v 0.000000 2.801392 -0.000000
v 0.000000 2.801392 -0.000000
v 0.000000 2.801392 -0.000000
v 0.000000 2.801392 -0.000000
v 0.000000 2.801392 -0.000000
v 0.000000 2.801392 -0.000000
v 0.000000 2.801392 -0.000000
v 0.000000 2.801392 -0.000000
v 0.000000 2.801392 -0.000000
v 0.000000 2.801392 -0.000000
v 0.000000 2.801392 -0.000000
v 0.000000 2.801392 -0.000000
vn -0.0000 -0.0000 -1.0000
vn 0.1951 -0.0000 -0.9808
vn 0.3827 -0.0000 -0.9239
vn 0.5556 -0.0000 -0.8315
vn 0.7071 -0.0000 -0.7071
vn 0.8315 -0.0000 -0.5556
vn 0.9239 -0.0000 -0.3827
vn 0.9808 -0.0000 -0.1951
vn 1.0000 -0.0000 -0.0000
vn 0.9808 -0.0000 0.1951
vn 0.9239 -0.0000 0.3827
vn 0.8315 -0.0000 0.5556
vn 0.7071 -0.0000 0.7071
vn 0.5556 -0.0000 0.8315
vn 0.3827 -0.0000 0.9239
vn 0.1951 -0.0000 0.9808
vn -0.0000 -0.0000 1.0000
vn -0.1951 -0.0000 0.9808
vn -0.3827 -0.0000 0.9239
vn -0.5556 -0.0000 0.8315
vn -0.7071 -0.0000 0.7071
vn -0.8315 -0.0000 0.5556
vn -0.9239 -0.0000 0.3827
vn -0.9808 -0.0000 0.1951
vn -1.0000 -0.0000 -0.0000
vn -0.9808 -0.0000 -0.1951
vn -0.9239 -0.0000 -0.3827
vn -0.8315 -0.0000 -0.5556
vn -0.7071 -0.0000 -0.7071
vn -0.5556 -0.0000 -0.8315
vn -0.3827 -0.0000 -0.9239
vn -0.0000 1.0000 -0.0000
vn -0.1951 -0.0000 -0.9808
vn -0.0000 -1.0000 -0.0000
vn -0.0000 1.0000 0.0001
vn -0.0000 1.0000 -0.0001
vn -0.5271 0.3162 -0.7888
vn -0.6708 0.3162 -0.6708
vn -0.5229 0.3162 -0.7916
vn -0.0000 0.3162 0.9487
vn 0.1851 0.3162 0.9305
vn 0.5271 0.3162 -0.7888
vn 0.3630 0.3162 -0.8765
vn 0.5317 0.3162 -0.7857
vn -0.3630 0.3162 -0.8765
vn -0.3596 0.3162 -0.8779
vn -0.1851 0.3162 0.9305
vn 0.6708 0.3162 -0.6708
vn -0.1851 0.3162 -0.9305
vn -0.3630 0.3162 0.8765
vn 0.7888 0.3162 -0.5271
vn -0.0000 0.3162 -0.9487
vn -0.5271 0.3162 0.7888
vn -0.5229 0.3162 0.7916
vn 0.8765 0.3162 -0.3630
vn -0.6708 0.3162 0.6708
vn 0.9305 0.3162 -0.1851
vn -0.7888 0.3162 0.5271
vn 0.9487 0.3162 -0.0000
vn -0.8765 0.3162 0.3630
vn 0.9305 0.3162 0.1851
vn -0.9305 0.3162 0.1851
vn 0.8765 0.3162 0.3630
vn -0.9487 0.3162 -0.0000
vn 0.7888 0.3162 0.5271
vn -0.9305 0.3162 -0.1851
vn 0.6708 0.3162 0.6708
vn -0.8765 0.3162 -0.3630
vn 0.5271 0.3162 0.7888
vn 0.5317 0.3162 0.7857
vn -0.7888 0.3162 -0.5271
vn 0.3630 0.3162 0.8765
vn 0.3663 0.3162 0.8751
vn 0.1851 0.3162 -0.9305
vt 1.000000 0.500000
vt 1.000000 1.000000
vt 0.968750 1.000000
vt 0.968750 0.500000
vt 0.937500 1.000000
vt 0.937500 0.500000
vt 0.906250 1.000000
vt 0.906250 0.500000
vt 0.875000 1.000000
vt 0.875000 0.500000
vt 0.843750 1.000000
vt 0.843750 0.500000
vt 0.812500 1.000000
vt 0.812500 0.500000
vt 0.781250 1.000000
vt 0.781250 0.500000
vt 0.750000 1.000000
vt 0.750000 0.500000
vt 0.718750 1.000000
vt 0.718750 0.500000
vt 0.687500 1.000000
vt 0.687500 0.500000
vt 0.656250 1.000000
vt 0.656250 0.500000
vt 0.625000 1.000000
vt 0.625000 0.500000
vt 0.593750 1.000000
vt 0.593750 0.500000
vt 0.562500 1.000000
vt 0.562500 0.500000
vt 0.531250 1.000000
vt 0.531250 0.500000
vt 0.500000 1.000000
vt 0.500000 0.500000
vt 0.468750 1.000000
vt 0.468750 0.500000
vt 0.437500 1.000000
vt 0.437500 0.500000
vt 0.406250 1.000000
vt 0.406250 0.500000
vt 0.375000 1.000000
vt 0.375000 0.500000
vt 0.343750 1.000000
vt 0.343750 0.500000
vt 0.312500 1.000000
vt 0.312500 0.500000
vt 0.281250 1.000000
vt 0.281250 0.500000
vt 0.250000 1.000000
vt 0.250000 0.500000
vt 0.218750 1.000000
vt 0.218750 0.500000
vt 0.187500 1.000000
vt 0.187500 0.500000
vt 0.156250 1.000000
vt 0.156250 0.500000
vt 0.125000 1.000000
vt 0.125000 0.500000
vt 0.093750 1.000000
vt 0.093750 0.500000
vt 0.062500 1.000000
vt 0.062500 0.500000
vt 0.031250 1.000000
vt 0.031250 0.500000
vt 0.000000 1.000000
vt 0.000000 0.500000
vt 0.750000 0.490000
vt 0.796822 0.485388
vt 0.841844 0.471731
vt 0.883337 0.449553
vt 0.919706 0.419706
vt 0.949553 0.383337
vt 0.971731 0.341844
vt 0.985388 0.296822
vt 0.990000 0.250000
vt 0.985388 0.203178
vt 0.971731 0.158156
vt 0.949553 0.116663
vt 0.919706 0.080294
vt 0.883337 0.050447
vt 0.841844 0.028269
vt 0.796822 0.014612
vt 0.750000 0.010000
vt 0.703178 0.014612
vt 0.658156 0.028269
vt 0.616663 0.050447
vt 0.580294 0.080294
vt 0.550447 0.116663
vt 0.528269 0.158156
vt 0.514612 0.203178
vt 0.510000 0.250000
vt 0.514612 0.296822
vt 0.528269 0.341844
vt 0.550447 0.383337
vt 0.580294 0.419706
vt 0.616663 0.449553
vt 0.658156 0.471731
vt 0.703178 0.485388
vt 0.296822 0.485388
vt 0.250000 0.490000
vt 0.203178 0.485388
vt 0.158156 0.471731
vt 0.116663 0.449553
vt 0.080294 0.419706
vt 0.050447 0.383337
vt 0.028269 0.341844
vt 0.014612 0.296822
vt 0.010000 0.250000
vt 0.014612 0.203178
vt 0.028269 0.158156
vt 0.050447 0.116663
vt 0.080294 0.080294
vt 0.116663 0.050447
vt 0.158156 0.028269
vt 0.203178 0.014612
vt 0.250000 0.010000
vt 0.296822 0.014612
vt 0.341844 0.028269
vt 0.383337 0.050447
vt 0.419706 0.080294
vt 0.449553 0.116663
vt 0.471731 0.158156
vt 0.485388 0.203178
vt 0.490000 0.250000
vt 0.485388 0.296822
vt 0.471731 0.341844
vt 0.449553 0.383337
vt 0.419706 0.419706
vt 0.383337 0.449553
vt 0.341844 0.471731
s 1
usemtl Z
f 1/1/1 2/2/1 4/3/2 3/4/2
f 3/4/2 4/3/2 6/5/3 5/6/3
f 5/6/3 6/5/3 8/7/4 7/8/4
f 7/8/4 8/7/4 10/9/5 9/10/5
f 9/10/5 10/9/5 12/11/6 11/12/6
f 11/12/6 12/11/6 14/13/7 13/14/7
f 13/14/7 14/13/7 16/15/8 15/16/8
f 15/16/8 16/15/8 18/17/9 17/18/9
f 17/18/9 18/17/9 20/19/10 19/20/10
f 19/20/10 20/19/10 22/21/11 21/22/11
f 21/22/11 22/21/11 24/23/12 23/24/12
f 23/24/12 24/23/12 26/25/13 25/26/13
f 25/26/13 26/25/13 28/27/14 27/28/14
f 27/28/14 28/27/14 30/29/15 29/30/15
f 29/30/15 30/29/15 32/31/16 31/32/16
f 31/32/16 32/31/16 34/33/17 33/34/17
f 33/34/17 34/33/17 36/35/18 35/36/18
f 35/36/18 36/35/18 38/37/19 37/38/19
f 37/38/19 38/37/19 40/39/20 39/40/20
f 39/40/20 40/39/20 42/41/21 41/42/21
f 41/42/21 42/41/21 44/43/22 43/44/22
f 43/44/22 44/43/22 46/45/23 45/46/23
f 45/46/23 46/45/23 48/47/24 47/48/24
f 47/48/24 48/47/24 50/49/25 49/50/25
f 49/50/25 50/49/25 52/51/26 51/52/26
f 51/52/26 52/51/26 54/53/27 53/54/27
f 53/54/27 54/53/27 56/55/28 55/56/28
f 55/56/28 56/55/28 58/57/29 57/58/29
f 57/58/29 58/57/29 60/59/30 59/60/30
f 59/60/30 60/59/30 62/61/31 61/62/31
s 0
f 8/7/32 6/5/17 67/5/32 68/7/1
s 1
f 61/62/31 62/61/31 64/63/33 63/64/33
f 63/64/33 64/63/33 2/65/1 1/66/1
f 1/67/34 3/68/34 5/69/34 7/70/34 9/71/34 11/72/34 13/73/34 15/74/34 17/75/34 19/76/34 21/77/34 23/78/34 25/79/34 27/80/34 29/81/34 31/82/34 33/83/34 35/84/34 37/85/34 39/86/34 41/87/34 43/88/34 45/89/34 47/90/34 49/91/34 51/92/34 53/93/34 55/94/34 57/95/34 59/96/34 61/97/34 63/98/34
f 96/63/33 95/61/31 127/61/31 128/63/33
s 0
f 26/25/32 24/23/17 76/23/35 77/25/17
f 44/43/35 42/41/17 85/41/32 86/43/17
f 62/61/32 60/59/1 94/59/32 95/61/17
f 18/17/32 16/15/17 72/15/32 73/17/17
f 36/35/32 34/33/17 81/33/32 82/35/1
f 54/53/32 52/51/1 90/51/32 91/53/17
f 10/9/32 8/7/1 68/7/32 69/9/1
f 28/27/32 26/25/1 77/25/32 78/27/1
f 46/45/36 44/43/1 86/43/32 87/45/1
f 64/63/32 62/61/17 95/61/32 96/63/17
f 20/19/32 18/17/17 73/17/32 74/19/17
f 38/37/32 36/35/17 82/35/32 83/37/17
f 56/55/36 54/53/1 91/53/32 92/55/1
f 12/11/32 10/9/17 69/9/35 70/11/17
f 30/29/32 28/27/17 78/27/32 79/29/1
f 48/47/32 46/45/1 87/45/32 88/47/17
f 4/3/32 2/2/1 66/2/32 65/3/17
f 2/65/32 64/63/17 96/63/32 66/65/1
f 22/21/32 20/19/17 74/19/32 75/21/1
f 40/39/32 38/37/1 83/37/32 84/39/17
f 58/57/35 56/55/17 92/55/32 93/57/17
f 14/13/32 12/11/1 70/11/36 71/13/1
f 32/31/32 30/29/17 79/29/32 80/31/17
f 50/49/32 48/47/17 88/47/32 89/49/17
f 6/5/32 4/3/17 65/3/32 67/5/17
f 24/23/32 22/21/1 75/21/36 76/23/1
f 42/41/32 40/39/1 84/39/32 85/41/1
f 60/59/32 58/57/1 93/57/32 94/59/1
f 16/15/32 14/13/17 71/13/32 72/15/1
f 34/33/32 32/31/1 80/31/32 81/33/17
f 52/51/32 50/49/17 89/49/32 90/51/17
s 1
f 123/53/34 122/51/34 154/51/34 155/53/34
f 83/37/19 82/35/18 114/35/18 115/37/19
f 70/11/6 69/9/5 101/9/5 102/11/6
f 66/65/1 96/63/33 128/63/33 98/65/1
f 84/39/20 83/37/19 115/37/19 116/39/20
f 71/13/7 70/11/6 102/11/6 103/13/7
f 85/41/21 84/39/20 116/39/20 117/41/21
f 72/15/8 71/13/7 103/13/7 104/15/8
f 86/43/22 85/41/21 117/41/21 118/43/22
f 73/17/9 72/15/8 104/15/8 105/17/9
f 87/45/23 86/43/22 118/43/22 119/45/23
f 74/19/10 73/17/9 105/17/9 106/19/10
f 88/47/24 87/45/23 119/45/23 120/47/24
f 75/21/11 74/19/10 106/19/10 107/21/11
f 89/49/25 88/47/24 120/47/24 121/49/25
f 76/23/12 75/21/11 107/21/11 108/23/12
f 90/51/26 89/49/25 121/49/25 122/51/26
f 77/25/13 76/23/12 108/23/12 109/25/13
f 91/53/27 90/51/26 122/51/26 123/53/27
f 78/27/14 77/25/13 109/25/13 110/27/14
f 92/55/28 91/53/27 123/53/27 124/55/28
f 79/29/15 78/27/14 110/27/14 111/29/15
f 65/3/2 66/2/1 98/2/1 97/3/2
f 93/57/29 92/55/28 124/55/28 125/57/29
f 80/31/16 79/29/15 111/29/15 112/31/16
f 67/5/3 65/3/2 97/3/2 99/5/3
f 94/59/30 93/57/29 125/57/29 126/59/30
f 81/33/17 80/31/16 112/31/16 113/33/17
f 68/7/4 67/5/3 99/5/3 100/7/4
f 95/61/31 94/59/30 126/59/30 127/61/31
f 82/35/18 81/33/17 113/33/17 114/35/18
f 69/9/5 68/7/4 100/7/4 101/9/5
f 158/59/37 157/57/38 189/57/38 190/59/39
f 110/27/34 109/25/34 141/25/34 142/27/34
f 124/55/34 123/53/34 155/53/34 156/55/34
f 111/29/34 110/27/34 142/27/34 143/29/34
f 97/3/34 98/2/34 130/2/34 129/3/34
f 125/57/34 124/55/34 156/55/34 157/57/34
f 112/31/34 111/29/34 143/29/34 144/31/34
f 99/5/34 97/3/34 129/3/34 131/5/34
f 126/59/34 125/57/34 157/57/34 158/59/34
f 113/33/34 112/31/34 144/31/34 145/33/34
f 100/7/34 99/5/34 131/5/34 132/7/34
f 127/61/34 126/59/34 158/59/34 159/61/34
f 114/35/34 113/33/34 145/33/34 146/35/34
f 101/9/34 100/7/34 132/7/34 133/9/34
f 128/63/34 127/61/34 159/61/34 160/63/34
f 115/37/34 114/35/34 146/35/34 147/37/34
f 102/11/34 101/9/34 133/9/34 134/11/34
f 98/65/34 128/63/34 160/63/34 130/65/34
f 116/39/34 115/37/34 147/37/34 148/39/34
f 103/13/34 102/11/34 134/11/34 135/13/34
f 117/41/34 116/39/34 148/39/34 149/41/34
f 104/15/34 103/13/34 135/13/34 136/15/34
f 118/43/34 117/41/34 149/41/34 150/43/34
f 105/17/34 104/15/34 136/15/34 137/17/34
f 119/45/34 118/43/34 150/43/34 151/45/34
f 106/19/34 105/17/34 137/17/34 138/19/34
f 120/47/34 119/45/34 151/45/34 152/47/34
f 107/21/34 106/19/34 138/19/34 139/21/34
f 121/49/34 120/47/34 152/47/34 153/49/34
f 108/23/34 107/21/34 139/21/34 140/23/34
f 122/51/34 121/49/34 153/49/34 154/51/34
f 109/25/34 108/23/34 140/23/34 141/25/34
s 0
f 161/99/1 162/100/1 192/101/1 191/102/32 190/103/1 189/104/1 188/105/1 187/106/1 186/107/1 185/108/1 184/109/1 183/110/1 182/111/1 181/112/1 180/113/32 179/114/1 178/115/1 177/116/1 176/117/1 175/118/32 174/119/1 173/120/1 172/121/1 171/122/1 170/123/1 169/124/1 168/125/1 167/126/1 166/127/1 165/128/1 164/129/32 163/130/1
s 1
f 145/33/40 144/31/41 176/31/41 177/33/40
f 132/7/42 131/5/43 163/5/43 164/7/44
f 159/61/45 158/59/37 190/59/39 191/61/46
f 146/35/47 145/33/40 177/33/40 178/35/47
f 133/9/48 132/7/42 164/7/44 165/9/48
f 160/63/49 159/61/45 191/61/46 192/63/49
f 147/37/50 146/35/47 178/35/47 179/37/50
f 134/11/51 133/9/48 165/9/48 166/11/51
f 130/65/52 160/63/49 192/63/49 162/65/52
f 148/39/53 147/37/50 179/37/50 180/39/54
f 135/13/55 134/11/51 166/11/51 167/13/55
f 149/41/56 148/39/53 180/39/54 181/41/56
f 136/15/57 135/13/55 167/13/55 168/15/57
f 150/43/58 149/41/56 181/41/56 182/43/58
f 137/17/59 136/15/57 168/15/57 169/17/59
f 151/45/60 150/43/58 182/43/58 183/45/60
f 138/19/61 137/17/59 169/17/59 170/19/61
f 152/47/62 151/45/60 183/45/60 184/47/62
f 139/21/63 138/19/61 170/19/61 171/21/63
f 153/49/64 152/47/62 184/47/62 185/49/64
f 140/23/65 139/21/63 171/21/63 172/23/65
f 154/51/66 153/49/64 185/49/64 186/51/66
f 141/25/67 140/23/65 172/23/65 173/25/67
f 155/53/68 154/51/66 186/51/66 187/53/68
f 142/27/69 141/25/67 173/25/67 174/27/70
f 156/55/71 155/53/68 187/53/68 188/55/71
f 143/29/72 142/27/69 174/27/70 175/29/73
f 129/3/74 130/2/52 162/2/52 161/3/74
f 157/57/38 156/55/71 188/55/71 189/57/38
f 144/31/41 143/29/72 175/29/73 176/31/41
f 131/5/43 129/3/74 161/3/74 163/5/43
o Cylinder.001
v -0.000416 0.099763 -0.000084
v -0.000416 0.099763 0.199916
v 0.019093 0.097841 -0.000084
v 0.019093 0.097841 0.199916
v 0.037853 0.092150 -0.000084
v 0.037853 0.092150 0.199916
v 0.055141 0.082909 -0.000084
v 0.055141 0.082909 0.199916
v 0.070295 0.070473 -0.000084
v 0.070295 0.070473 0.199916
v 0.082731 0.055320 -0.000084
v 0.082731 0.055320 0.199916
v 0.091972 0.038031 -0.000084
v 0.091972 0.038031 0.199916
v 0.097663 0.019272 -0.000084
v 0.097663 0.019272 0.199916
v 0.099584 -0.000238 -0.000084
v 0.099584 -0.000237 0.199916
v 0.097663 -0.019747 -0.000084
v 0.097663 -0.019747 0.199916
v 0.091972 -0.038506 -0.000084
v 0.091972 -0.038506 0.199916
v 0.082731 -0.055795 -0.000084
v 0.082731 -0.055795 0.199916
v 0.070295 -0.070948 -0.000084
v 0.070295 -0.070948 0.199916
v 0.055141 -0.083385 -0.000084
v 0.055141 -0.083385 0.199916
v 0.037853 -0.092626 -0.000084
v 0.037853 -0.092626 0.199916
v 0.019093 -0.098316 -0.000084
v 0.019093 -0.098316 0.199916
v -0.000416 -0.100238 -0.000084
v -0.000416 -0.100238 0.199916
v -0.019925 -0.098316 -0.000084
v -0.019925 -0.098316 0.199916
v -0.038684 -0.092626 -0.000084
v -0.038684 -0.092626 0.199916
v -0.055973 -0.083385 -0.000084
v -0.055973 -0.083385 0.199916
v -0.071127 -0.070948 -0.000084
v -0.071127 -0.070948 0.199916
v -0.083563 -0.055795 -0.000084
v -0.083563 -0.055795 0.199916
v -0.092804 -0.038506 -0.000084
v -0.092804 -0.038506 0.199916
v -0.098494 -0.019747 -0.000084
v -0.098494 -0.019747 0.199916
v -0.100416 -0.000238 -0.000084
v -0.100416 -0.000237 0.199916
v -0.098494 0.019272 -0.000084
v -0.098494 0.019272 0.199916
v -0.092804 0.038031 -0.000084
v -0.092804 0.038031 0.199916
v -0.083563 0.055320 -0.000084
v -0.083563 0.055320 0.199916
v -0.071127 0.070473 -0.000084
v -0.071127 0.070473 0.199916
v -0.055973 0.082909 -0.000084
v -0.055973 0.082909 0.199916
v -0.038684 0.092150 -0.000084
v -0.038684 0.092150 0.199916
v -0.019925 0.097841 -0.000084
v -0.019925 0.097841 0.199916
v 0.019093 0.097841 2.199916
v -0.000416 0.099763 2.199916
v 0.037853 0.092150 2.199916
v 0.055141 0.082909 2.199916
v 0.070295 0.070473 2.199916
v 0.082731 0.055320 2.199916
v 0.091972 0.038031 2.199916
v 0.097663 0.019272 2.199916
v 0.099584 -0.000237 2.199916
v 0.097663 -0.019747 2.199916
v 0.091972 -0.038506 2.199916
v 0.082731 -0.055794 2.199916
v 0.070295 -0.070948 2.199916
v 0.055141 -0.083384 2.199916
v 0.037853 -0.092625 2.199916
v 0.019093 -0.098316 2.199916
v -0.000416 -0.100237 2.199916
v -0.019925 -0.098316 2.199916
v -0.038684 -0.092625 2.199916
v -0.055973 -0.083384 2.199916
v -0.071126 -0.070948 2.199916
v -0.083563 -0.055794 2.199916
v -0.092804 -0.038506 2.199916
v -0.098494 -0.019747 2.199916
v -0.100416 -0.000237 2.199916
v -0.098494 0.019272 2.199916
v -0.092804 0.038031 2.199916
v -0.083563 0.055320 2.199916
v -0.071126 0.070473 2.199916
v -0.055973 0.082909 2.199916
v -0.038684 0.092150 2.199916
v -0.019925 0.097841 2.199916
v 0.019093 0.097841 2.199916
v -0.000416 0.099763 2.199916
v 0.037853 0.092150 2.199916
v 0.055141 0.082909 2.199916
v 0.070295 0.070473 2.199916
v 0.082731 0.055320 2.199916
v 0.091972 0.038031 2.199916
v 0.097663 0.019272 2.199916
v 0.099584 -0.000237 2.199916
v 0.097663 -0.019747 2.199916
v 0.091972 -0.038506 2.199916
v 0.082731 -0.055794 2.199916
v 0.070295 -0.070948 2.199916
v 0.055141 -0.083384 2.199916
v 0.037853 -0.092625 2.199916
v 0.019093 -0.098316 2.199916
v -0.000416 -0.100237 2.199916
v -0.019925 -0.098316 2.199916
v -0.038684 -0.092625 2.199916
v -0.055973 -0.083384 2.199916
v -0.071126 -0.070948 2.199916
v -0.083563 -0.055794 2.199916
v -0.092804 -0.038506 2.199916
v -0.098494 -0.019747 2.199916
v -0.100416 -0.000237 2.199916
v -0.098494 0.019272 2.199916
v -0.092804 0.038031 2.199916
v -0.083563 0.055320 2.199916
v -0.071126 0.070473 2.199916
v -0.055973 0.082909 2.199916
v -0.038684 0.092150 2.199916
v -0.019925 0.097841 2.199916
v 0.019093 0.097841 2.199916
v -0.000416 0.099763 2.199916
v 0.037853 0.092150 2.199916
v 0.055141 0.082909 2.199916
v 0.070295 0.070473 2.199916
v 0.082731 0.055320 2.199916
v 0.091972 0.038031 2.199916
v 0.097663 0.019272 2.199916
v 0.099584 -0.000237 2.199916
v 0.097663 -0.019747 2.199916
v 0.091972 -0.038506 2.199916
v 0.082731 -0.055794 2.199916
v 0.070295 -0.070948 2.199916
v 0.055141 -0.083384 2.199916
v 0.037853 -0.092625 2.199916
v 0.019093 -0.098316 2.199916
v -0.000416 -0.100237 2.199916
v -0.019925 -0.098316 2.199916
v -0.038684 -0.092625 2.199916
v -0.055973 -0.083384 2.199916
v -0.071126 -0.070948 2.199916
v -0.083563 -0.055794 2.199916
v -0.092804 -0.038506 2.199916
v -0.098494 -0.019747 2.199916
v -0.100416 -0.000237 2.199916
v -0.098494 0.019272 2.199916
v -0.092804 0.038031 2.199916
v -0.083563 0.055320 2.199916
v -0.071126 0.070473 2.199916
v -0.055973 0.082909 2.199916
v -0.038684 0.092150 2.199916
v -0.019925 0.097841 2.199916
v 0.038602 0.195920 2.199917
v -0.000416 0.199763 2.199917
v 0.076121 0.184539 2.199917
v 0.110698 0.166056 2.199917
v 0.141006 0.141184 2.199917
v 0.165878 0.110877 2.199917
v 0.184360 0.076299 2.199917
v 0.195741 0.038781 2.199917
v 0.199584 -0.000237 2.199917
v 0.195741 -0.039256 2.199917
v 0.184360 -0.076774 2.199917
v 0.165878 -0.111352 2.199917
v 0.141006 -0.141659 2.199917
v 0.110698 -0.166531 2.199917
v 0.076121 -0.185013 2.199917
v 0.038602 -0.196395 2.199917
v -0.000416 -0.200237 2.199917
v -0.039434 -0.196395 2.199917
v -0.076952 -0.185013 2.199917
v -0.111530 -0.166531 2.199917
v -0.141837 -0.141659 2.199917
v -0.166710 -0.111352 2.199917
v -0.185192 -0.076774 2.199917
v -0.196573 -0.039256 2.199917
v -0.200416 -0.000237 2.199917
v -0.196573 0.038781 2.199917
v -0.185192 0.076299 2.199917
v -0.166710 0.110877 2.199917
v -0.141837 0.141184 2.199917
v -0.111530 0.166056 2.199917
v -0.076952 0.184539 2.199917
v -0.039434 0.195920 2.199917
v 0.019093 0.097841 2.199916
v -0.000416 0.099763 2.199916
v 0.037853 0.092150 2.199916
v 0.055141 0.082909 2.199916
v 0.070295 0.070473 2.199916
v 0.082731 0.055320 2.199916
v 0.091972 0.038031 2.199916
v 0.097663 0.019272 2.199916
v 0.099584 -0.000237 2.199916
v 0.097663 -0.019747 2.199916
v 0.091972 -0.038506 2.199916
v 0.082731 -0.055794 2.199916
v 0.070295 -0.070948 2.199916
v 0.055141 -0.083384 2.199916
v 0.037853 -0.092625 2.199916
v 0.019093 -0.098316 2.199916
v -0.000416 -0.100237 2.199916
v -0.019925 -0.098316 2.199916
v -0.038684 -0.092625 2.199916
v -0.055973 -0.083384 2.199916
v -0.071126 -0.070948 2.199916
v -0.083563 -0.055794 2.199916
v -0.092804 -0.038506 2.199916
v -0.098494 -0.019747 2.199916
v -0.100416 -0.000237 2.199916
v -0.098494 0.019272 2.199916
v -0.092804 0.038031 2.199916
v -0.083563 0.055320 2.199916
v -0.071126 0.070473 2.199916
v -0.055973 0.082909 2.199916
v -0.038684 0.092150 2.199916
v -0.019925 0.097841 2.199916
v 0.038602 0.195920 2.199917
v -0.000416 0.199763 2.199917
v 0.076121 0.184539 2.199917
v 0.110698 0.166056 2.199917
v 0.141006 0.141184 2.199917
v 0.165878 0.110877 2.199917
v 0.184360 0.076299 2.199917
v 0.195741 0.038781 2.199917
v 0.199584 -0.000237 2.199917
v 0.195741 -0.039256 2.199917
v 0.184360 -0.076774 2.199917
v 0.165878 -0.111352 2.199917
v 0.141006 -0.141659 2.199917
v 0.110698 -0.166531 2.199917
v 0.076121 -0.185013 2.199917
v 0.038602 -0.196395 2.199917
v -0.000416 -0.200237 2.199917
v -0.039434 -0.196395 2.199917
v -0.076952 -0.185013 2.199917
v -0.111530 -0.166531 2.199917
v -0.141837 -0.141659 2.199917
v -0.166710 -0.111352 2.199917
v -0.185192 -0.076774 2.199917
v -0.196573 -0.039256 2.199917
v -0.200416 -0.000237 2.199917
v -0.196573 0.038781 2.199917
v -0.185192 0.076299 2.199917
v -0.166710 0.110877 2.199917
v -0.141837 0.141184 2.199917
v -0.111530 0.166056 2.199917
v -0.076952 0.184539 2.199917
v -0.039434 0.195920 2.199917
v 0.038602 0.195920 2.199917
v -0.000416 0.199763 2.199917
v 0.076121 0.184539 2.199917
v 0.110698 0.166056 2.199917
v 0.141006 0.141184 2.199917
v 0.165878 0.110877 2.199917
v 0.184360 0.076299 2.199917
v 0.195741 0.038781 2.199917
v 0.199584 -0.000237 2.199917
v 0.195741 -0.039256 2.199917
v 0.184360 -0.076774 2.199917
v 0.165878 -0.111352 2.199917
v 0.141006 -0.141659 2.199917
v 0.110698 -0.166531 2.199917
v 0.076121 -0.185013 2.199917
v 0.038602 -0.196395 2.199917
v -0.000416 -0.200237 2.199917
v -0.039434 -0.196395 2.199917
v -0.076952 -0.185013 2.199917
v -0.111530 -0.166531 2.199917
v -0.141837 -0.141659 2.199917
v -0.166710 -0.111352 2.199917
v -0.185192 -0.076774 2.199917
v -0.196573 -0.039256 2.199917
v -0.200416 -0.000237 2.199917
v -0.196573 0.038781 2.199917
v -0.185192 0.076299 2.199917
v -0.166710 0.110877 2.199917
v -0.141837 0.141184 2.199917
v -0.111530 0.166056 2.199917
v -0.076952 0.184539 2.199917
v -0.039434 0.195920 2.199917
v 0.038602 0.195920 2.199917
v -0.000416 0.199763 2.199917
v 0.076121 0.184539 2.199917
v 0.110698 0.166056 2.199917
v 0.141006 0.141184 2.199917
v 0.165878 0.110877 2.199917
v 0.184360 0.076299 2.199917
v 0.195741 0.038781 2.199917
v 0.199584 -0.000237 2.199917
v 0.195741 -0.039256 2.199917
v 0.184360 -0.076774 2.199917
v 0.165878 -0.111352 2.199917
v 0.141006 -0.141659 2.199917
v 0.110698 -0.166531 2.199917
v 0.076121 -0.185013 2.199917
v 0.038602 -0.196395 2.199917
v -0.000416 -0.200237 2.199917
v -0.039434 -0.196395 2.199917
v -0.076952 -0.185013 2.199917
v -0.111530 -0.166531 2.199917
v -0.141837 -0.141659 2.199917
v -0.166710 -0.111352 2.199917
v -0.185192 -0.076774 2.199917
v -0.196573 -0.039256 2.199917
v -0.200416 -0.000237 2.199917
v -0.196573 0.038781 2.199917
v -0.185192 0.076299 2.199917
v -0.166710 0.110877 2.199917
v -0.141837 0.141184 2.199917
v -0.111530 0.166056 2.199917
v -0.076952 0.184539 2.199917
v -0.039434 0.195920 2.199917
v 0.038602 0.195920 2.199917
v -0.000416 0.199763 2.199917
v 0.076121 0.184539 2.199917
v 0.110698 0.166056 2.199917
v 0.141006 0.141184 2.199917
v 0.165878 0.110877 2.199917
v 0.184360 0.076299 2.199917
v 0.195741 0.038781 2.199917
v 0.199584 -0.000237 2.199917
v 0.195741 -0.039256 2.199917
v 0.184360 -0.076774 2.199917
v 0.165878 -0.111352 2.199917
v 0.141006 -0.141659 2.199917
v 0.110698 -0.166531 2.199917
v 0.076121 -0.185013 2.199917
v 0.038602 -0.196395 2.199917
v -0.000416 -0.200237 2.199917
v -0.039434 -0.196395 2.199917
v -0.076952 -0.185013 2.199917
v -0.111530 -0.166531 2.199917
v -0.141837 -0.141659 2.199917
v -0.166710 -0.111352 2.199917
v -0.185192 -0.076774 2.199917
v -0.196573 -0.039256 2.199917
v -0.200416 -0.000237 2.199917
v -0.196573 0.038781 2.199917
v -0.185192 0.076299 2.199917
v -0.166710 0.110877 2.199917
v -0.141837 0.141184 2.199917
v -0.111530 0.166056 2.199917
v -0.076952 0.184539 2.199917
v -0.039434 0.195920 2.199917
v 0.038602 0.195920 2.199917
v -0.000416 0.199763 2.199917
v 0.076121 0.184539 2.199917
v 0.110698 0.166056 2.199917
v 0.141006 0.141184 2.199917
v 0.165878 0.110877 2.199917
v 0.184360 0.076299 2.199917
v 0.195741 0.038781 2.199917
v 0.199584 -0.000237 2.199917
v 0.195741 -0.039256 2.199917
v 0.184360 -0.076774 2.199917
v 0.165878 -0.111352 2.199917
v 0.141006 -0.141659 2.199917
v 0.110698 -0.166531 2.199917
v 0.076121 -0.185013 2.199917
v 0.038602 -0.196395 2.199917
v -0.000416 -0.200237 2.199917
v -0.039434 -0.196395 2.199917
v -0.076952 -0.185013 2.199917
v -0.111530 -0.166531 2.199917
v -0.141837 -0.141659 2.199917
v -0.166710 -0.111352 2.199917
v -0.185192 -0.076774 2.199917
v -0.196573 -0.039256 2.199917
v -0.200416 -0.000237 2.199917
v -0.196573 0.038781 2.199917
v -0.185192 0.076299 2.199917
v -0.166710 0.110877 2.199917
v -0.141837 0.141184 2.199917
v -0.111530 0.166056 2.199917
v -0.076952 0.184539 2.199917
v -0.039434 0.195920 2.199917
v -0.000416 -0.000237 2.799917
v -0.000416 -0.000237 2.799917
v -0.000416 -0.000237 2.799917
v -0.000416 -0.000237 2.799917
v -0.000416 -0.000237 2.799917
v -0.000416 -0.000237 2.799917
v -0.000416 -0.000237 2.799917
v -0.000416 -0.000237 2.799917
v -0.000416 -0.000237 2.799917
v -0.000416 -0.000237 2.799917
v -0.000416 -0.000237 2.799917
v -0.000416 -0.000237 2.799917
v -0.000416 -0.000237 2.799917
v -0.000416 -0.000237 2.799917
v -0.000416 -0.000237 2.799917
v -0.000416 -0.000237 2.799917
v -0.000416 -0.000237 2.799917
v -0.000416 -0.000237 2.799917
v -0.000416 -0.000237 2.799917
v -0.000416 -0.000237 2.799917
v -0.000416 -0.000237 2.799917
v -0.000416 -0.000237 2.799917
v -0.000416 -0.000237 2.799917
v -0.000416 -0.000237 2.799917
v -0.000416 -0.000237 2.799917
v -0.000416 -0.000237 2.799917
v -0.000416 -0.000237 2.799917
v -0.000416 -0.000237 2.799917
v -0.000416 -0.000237 2.799917
v -0.000416 -0.000237 2.799917
v -0.000416 -0.000237 2.799917
v -0.000416 -0.000237 2.799917
vn -0.0000 1.0000 -0.0000
vn 0.1951 0.9808 -0.0000
vn 0.3827 0.9239 -0.0000
vn 0.5556 0.8315 -0.0000
vn 0.7071 0.7071 -0.0000
vn 0.8315 0.5556 -0.0000
vn 0.9239 0.3827 -0.0000
vn 0.9808 0.1951 -0.0000
vn 1.0000 -0.0000 -0.0000
vn 0.9808 -0.1951 -0.0000
vn 0.9239 -0.3827 -0.0000
vn 0.8315 -0.5556 -0.0000
vn 0.7071 -0.7071 -0.0000
vn 0.5556 -0.8315 -0.0000
vn 0.3827 -0.9239 -0.0000
vn 0.1951 -0.9808 -0.0000
vn -0.0000 -1.0000 -0.0000
vn -0.1951 -0.9808 -0.0000
vn -0.3827 -0.9239 -0.0000
vn -0.5556 -0.8315 -0.0000
vn -0.7071 -0.7071 -0.0000
vn -0.8315 -0.5556 -0.0000
vn -0.9239 -0.3827 -0.0000
vn -0.9808 -0.1951 -0.0000
vn -1.0000 -0.0000 -0.0000
vn -0.9808 0.1951 -0.0000
vn -0.9239 0.3827 -0.0000
vn -0.8315 0.5556 -0.0000
vn -0.7071 0.7071 -0.0000
vn -0.5556 0.8315 -0.0000
vn -0.3827 0.9239 -0.0000
vn -0.1951 0.9808 -0.0000
vn -0.0000 -0.0000 -1.0000
vn -0.0000 -0.0000 1.0000
vn -0.6708 -0.6708 -0.3162
vn -0.7888 -0.5271 -0.3162
vn 0.1851 -0.9305 -0.3162
vn -0.0000 -0.9487 -0.3162
vn 0.3630 0.8765 -0.3162
vn 0.5271 0.7888 -0.3162
vn -0.8765 -0.3630 -0.3162
vn 0.6708 0.6708 -0.3162
vn -0.9305 -0.1851 -0.3162
vn 0.7888 0.5271 -0.3162
vn -0.9487 -0.0000 -0.3162
vn 0.8765 0.3630 -0.3162
vn -0.9305 0.1851 -0.3162
vn 0.9305 0.1851 -0.3162
vn -0.8765 0.3630 -0.3162
vn 0.9487 -0.0000 -0.3162
vn -0.7888 0.5271 -0.3162
vn 0.9305 -0.1851 -0.3162
vn -0.6708 0.6708 -0.3162
vn 0.8765 -0.3630 -0.3162
vn -0.5271 0.7888 -0.3162
vn 0.7888 -0.5271 -0.3162
vn -0.3630 0.8765 -0.3162
vn -0.1851 -0.9305 -0.3162
vn 0.6708 -0.6708 -0.3162
vn -0.1851 0.9305 -0.3162
vn -0.3630 -0.8765 -0.3162
vn 0.5271 -0.7888 -0.3162
vn -0.0000 0.9487 -0.3162
vn -0.5271 -0.7888 -0.3162
vn 0.3630 -0.8765 -0.3162
vn 0.1851 0.9305 -0.3162
vt 1.000000 0.500000
vt 1.000000 1.000000
vt 0.968750 1.000000
vt 0.968750 0.500000
vt 0.937500 1.000000
vt 0.937500 0.500000
vt 0.906250 1.000000
vt 0.906250 0.500000
vt 0.875000 1.000000
vt 0.875000 0.500000
vt 0.843750 1.000000
vt 0.843750 0.500000
vt 0.812500 1.000000
vt 0.812500 0.500000
vt 0.781250 1.000000
vt 0.781250 0.500000
vt 0.750000 1.000000
vt 0.750000 0.500000
vt 0.718750 1.000000
vt 0.718750 0.500000
vt 0.687500 1.000000
vt 0.687500 0.500000
vt 0.656250 1.000000
vt 0.656250 0.500000
vt 0.625000 1.000000
vt 0.625000 0.500000
vt 0.593750 1.000000
vt 0.593750 0.500000
vt 0.562500 1.000000
vt 0.562500 0.500000
vt 0.531250 1.000000
vt 0.531250 0.500000
vt 0.500000 1.000000
vt 0.500000 0.500000
vt 0.468750 1.000000
vt 0.468750 0.500000
vt 0.437500 1.000000
vt 0.437500 0.500000
vt 0.406250 1.000000
vt 0.406250 0.500000
vt 0.375000 1.000000
vt 0.375000 0.500000
vt 0.343750 1.000000
vt 0.343750 0.500000
vt 0.312500 1.000000
vt 0.312500 0.500000
vt 0.281250 1.000000
vt 0.281250 0.500000
vt 0.250000 1.000000
vt 0.250000 0.500000
vt 0.218750 1.000000
vt 0.218750 0.500000
vt 0.187500 1.000000
vt 0.187500 0.500000
vt 0.156250 1.000000
vt 0.156250 0.500000
vt 0.125000 1.000000
vt 0.125000 0.500000
vt 0.093750 1.000000
vt 0.093750 0.500000
vt 0.062500 1.000000
vt 0.062500 0.500000
vt 0.031250 1.000000
vt 0.031250 0.500000
vt 0.000000 1.000000
vt 0.000000 0.500000
vt 0.750000 0.490000
vt 0.796822 0.485388
vt 0.841844 0.471731
vt 0.883337 0.449553
vt 0.919706 0.419706
vt 0.949553 0.383337
vt 0.971731 0.341844
vt 0.985388 0.296822
vt 0.990000 0.250000
vt 0.985388 0.203178
vt 0.971731 0.158156
vt 0.949553 0.116663
vt 0.919706 0.080294
vt 0.883337 0.050447
vt 0.841844 0.028269
vt 0.796822 0.014612
vt 0.750000 0.010000
vt 0.703178 0.014612
vt 0.658156 0.028269
vt 0.616663 0.050447
vt 0.580294 0.080294
vt 0.550447 0.116663
vt 0.528269 0.158156
vt 0.514612 0.203178
vt 0.510000 0.250000
vt 0.514612 0.296822
vt 0.528269 0.341844
vt 0.550447 0.383337
vt 0.580294 0.419706
vt 0.616663 0.449553
vt 0.658156 0.471731
vt 0.703178 0.485388
vt 0.203178 0.485388
vt 0.250000 0.490000
vt 0.296822 0.485388
vt 0.158156 0.471731
vt 0.116663 0.449553
vt 0.080294 0.419706
vt 0.050447 0.383337
vt 0.028269 0.341844
vt 0.014612 0.296822
vt 0.010000 0.250000
vt 0.014612 0.203178
vt 0.028269 0.158156
vt 0.050447 0.116663
vt 0.080294 0.080294
vt 0.116663 0.050447
vt 0.158156 0.028269
vt 0.203178 0.014612
vt 0.250000 0.010000
vt 0.296822 0.014612
vt 0.341844 0.028269
vt 0.383337 0.050447
vt 0.419706 0.080294
vt 0.449553 0.116663
vt 0.471731 0.158156
vt 0.485388 0.203178
vt 0.490000 0.250000
vt 0.485388 0.296822
vt 0.471731 0.341844
vt 0.449553 0.383337
vt 0.419706 0.419706
vt 0.383337 0.449553
vt 0.341844 0.471731
s 1
usemtl Y
f 193/131/75 194/132/75 196/133/76 195/134/76
f 195/134/76 196/133/76 198/135/77 197/136/77
f 197/136/77 198/135/77 200/137/78 199/138/78
f 199/138/78 200/137/78 202/139/79 201/140/79
f 201/140/79 202/139/79 204/141/80 203/142/80
f 203/142/80 204/141/80 206/143/81 205/144/81
f 205/144/81 206/143/81 208/145/82 207/146/82
f 207/146/82 208/145/82 210/147/83 209/148/83
f 209/148/83 210/147/83 212/149/84 211/150/84
f 211/150/84 212/149/84 214/151/85 213/152/85
f 213/152/85 214/151/85 216/153/86 215/154/86
f 215/154/86 216/153/86 218/155/87 217/156/87
f 217/156/87 218/155/87 220/157/88 219/158/88
f 219/158/88 220/157/88 222/159/89 221/160/89
f 221/160/89 222/159/89 224/161/90 223/162/90
f 223/162/90 224/161/90 226/163/91 225/164/91
f 225/164/91 226/163/91 228/165/92 227/166/92
f 227/166/92 228/165/92 230/167/93 229/168/93
f 229/168/93 230/167/93 232/169/94 231/170/94
f 231/170/94 232/169/94 234/171/95 233/172/95
f 233/172/95 234/171/95 236/173/96 235/174/96
f 235/174/96 236/173/96 238/175/97 237/176/97
f 237/176/97 238/175/97 240/177/98 239/178/98
f 239/178/98 240/177/98 242/179/99 241/180/99
f 241/180/99 242/179/99 244/181/100 243/182/100
f 243/182/100 244/181/100 246/183/101 245/184/101
f 245/184/101 246/183/101 248/185/102 247/186/102
f 247/186/102 248/185/102 250/187/103 249/188/103
f 249/188/103 250/187/103 252/189/104 251/190/104
f 251/190/104 252/189/104 254/191/105 253/192/105
f 208/145/82 206/143/81 263/143/81 264/145/82
f 253/192/105 254/191/105 256/193/106 255/194/106
f 255/194/106 256/193/106 194/195/75 193/196/75
f 193/197/107 195/198/107 197/199/107 199/200/107 201/201/107 203/202/107 205/203/107 207/204/107 209/205/107 211/206/107 213/207/107 215/208/107 217/209/107 219/210/107 221/211/107 223/212/107 225/213/107 227/214/107 229/215/107 231/216/107 233/217/107 235/218/107 237/219/107 239/220/107 241/221/107 243/222/107 245/223/107 247/224/107 249/225/107 251/226/107 253/227/107 255/228/107
s 0
f 262/141/108 261/139/108 293/139/108 294/141/108
s 1
f 226/163/91 224/161/90 272/161/90 273/163/91
f 244/181/100 242/179/99 281/179/99 282/181/100
f 200/137/78 198/135/77 259/135/77 260/137/78
f 218/155/87 216/153/86 268/153/86 269/155/87
f 236/173/96 234/171/95 277/171/95 278/173/96
f 254/191/105 252/189/104 286/189/104 287/191/105
f 210/147/83 208/145/82 264/145/82 265/147/83
f 228/165/92 226/163/91 273/163/91 274/165/92
f 246/183/101 244/181/100 282/181/100 283/183/101
f 202/139/79 200/137/78 260/137/78 261/139/79
f 220/157/88 218/155/87 269/155/87 270/157/88
f 238/175/97 236/173/96 278/173/96 279/175/97
f 256/193/106 254/191/105 287/191/105 288/193/106
f 212/149/84 210/147/83 265/147/83 266/149/84
f 230/167/93 228/165/92 274/165/92 275/167/93
f 248/185/102 246/183/101 283/183/101 284/185/102
f 204/141/80 202/139/79 261/139/79 262/141/80
f 222/159/89 220/157/88 270/157/88 271/159/89
f 196/133/76 194/132/75 258/132/75 257/133/76
f 240/177/98 238/175/97 279/175/97 280/177/98
f 194/195/75 256/193/106 288/193/106 258/195/75
f 214/151/85 212/149/84 266/149/84 267/151/85
f 232/169/94 230/167/93 275/167/93 276/169/94
f 250/187/103 248/185/102 284/185/102 285/187/103
f 206/143/81 204/141/80 262/141/80 263/143/81
f 224/161/90 222/159/89 271/159/89 272/161/90
f 242/179/99 240/177/98 280/177/98 281/179/99
f 198/135/77 196/133/76 257/133/76 259/135/77
f 216/153/86 214/151/85 267/151/85 268/153/86
f 234/171/95 232/169/94 276/169/94 277/171/95
f 252/189/104 250/187/103 285/187/103 286/189/104
s 0
f 297/147/108 296/145/108 328/145/108 329/147/108
f 258/195/108 288/193/108 320/193/108 290/195/108
f 276/169/108 275/167/108 307/167/108 308/169/108
f 263/143/108 262/141/108 294/141/108 295/143/108
f 277/171/108 276/169/108 308/169/108 309/171/108
f 264/145/108 263/143/108 295/143/108 296/145/108
f 278/173/108 277/171/108 309/171/108 310/173/108
f 265/147/108 264/145/108 296/145/108 297/147/108
f 279/175/108 278/173/108 310/173/108 311/175/108
f 266/149/108 265/147/108 297/147/108 298/149/108
f 280/177/108 279/175/108 311/175/108 312/177/108
f 267/151/108 266/149/108 298/149/108 299/151/108
f 281/179/108 280/177/108 312/177/108 313/179/108
f 268/153/108 267/151/108 299/151/108 300/153/108
f 282/181/108 281/179/108 313/179/108 314/181/108
f 269/155/108 268/153/108 300/153/108 301/155/108
f 283/183/108 282/181/108 314/181/108 315/183/108
f 270/157/108 269/155/108 301/155/108 302/157/108
f 284/185/108 283/183/108 315/183/108 316/185/108
f 271/159/108 270/157/108 302/157/108 303/159/108
f 257/133/108 258/132/108 290/132/108 289/133/108
f 285/187/108 284/185/108 316/185/108 317/187/108
f 272/161/108 271/159/108 303/159/108 304/161/108
f 259/135/108 257/133/108 289/133/108 291/135/108
f 286/189/108 285/187/108 317/187/108 318/189/108
f 273/163/108 272/161/108 304/161/108 305/163/108
f 260/137/108 259/135/108 291/135/108 292/137/108
f 287/191/108 286/189/108 318/189/108 319/191/108
f 274/165/108 273/163/108 305/163/108 306/165/108
f 261/139/108 260/137/108 292/137/108 293/139/108
f 288/193/108 287/191/108 319/191/108 320/193/108
f 275/167/108 274/165/108 306/165/108 307/167/108
f 384/229/108 354/230/108 418/230/108 448/229/108
f 311/175/108 310/173/108 342/173/108 343/175/108
f 298/149/108 297/147/108 329/147/108 330/149/108
f 312/177/108 311/175/108 343/175/108 344/177/108
f 299/151/108 298/149/108 330/149/108 331/151/108
f 313/179/108 312/177/108 344/177/108 345/179/108
f 300/153/108 299/151/108 331/151/108 332/153/108
f 314/181/108 313/179/108 345/179/108 346/181/108
f 301/155/108 300/153/108 332/153/108 333/155/108
f 315/183/108 314/181/108 346/181/108 347/183/108
f 302/157/108 301/155/108 333/155/108 334/157/108
f 316/185/108 315/183/108 347/183/108 348/185/108
f 303/159/108 302/157/108 334/157/108 335/159/108
f 289/133/108 290/132/108 322/132/108 321/133/108
f 317/187/108 316/185/108 348/185/108 349/187/108
f 304/161/108 303/159/108 335/159/108 336/161/108
f 291/135/108 289/133/108 321/133/108 323/135/108
f 318/189/108 317/187/108 349/187/108 350/189/108
f 305/163/108 304/161/108 336/161/108 337/163/108
f 292/137/108 291/135/108 323/135/108 324/137/108
f 319/191/108 318/189/108 350/189/108 351/191/108
f 306/165/108 305/163/108 337/163/108 338/165/108
f 293/139/108 292/137/108 324/137/108 325/139/108
f 320/193/108 319/191/108 351/191/108 352/193/108
f 307/167/108 306/165/108 338/165/108 339/167/108
f 294/141/108 293/139/108 325/139/108 326/141/108
f 290/195/108 320/193/108 352/193/108 322/195/108
f 308/169/108 307/167/108 339/167/108 340/169/108
f 295/143/108 294/141/108 326/141/108 327/143/108
f 309/171/108 308/169/108 340/169/108 341/171/108
f 296/145/108 295/143/108 327/143/108 328/145/108
f 310/173/108 309/171/108 341/171/108 342/173/108
s 1
f 353/231/108 354/230/108 384/229/108 383/232/108 382/233/108 381/234/108 380/235/108 379/236/108 378/237/108 377/238/108 376/239/108 375/240/108 374/241/108 373/242/108 372/243/108 371/244/108 370/245/108 369/246/108 368/247/108 367/248/108 366/249/108 365/250/108 364/251/108 363/252/108 362/253/108 361/254/108 360/255/108 359/256/108 358/257/108 357/258/108 356/259/108 355/260/108
s 0
f 338/165/108 337/163/108 401/163/108 402/165/108
f 357/258/108 358/257/108 422/257/108 421/258/108
f 383/232/108 384/229/108 448/229/108 447/232/108
f 337/163/108 336/161/108 400/161/108 401/163/108
f 356/259/108 357/258/108 421/258/108 420/259/108
f 382/233/108 383/232/108 447/232/108 446/233/108
f 336/161/108 335/159/108 399/159/108 400/161/108
f 355/260/108 356/259/108 420/259/108 419/260/108
f 381/234/108 382/233/108 446/233/108 445/234/108
f 335/159/108 334/157/108 398/157/108 399/159/108
f 353/231/108 355/260/108 419/260/108 417/231/108
f 380/235/108 381/234/108 445/234/108 444/235/108
f 334/157/108 333/155/108 397/155/108 398/157/108
f 354/230/108 353/231/108 417/231/108 418/230/108
f 379/236/108 380/235/108 444/235/108 443/236/108
f 333/155/108 332/153/108 396/153/108 397/155/108
f 378/237/108 379/236/108 443/236/108 442/237/108
f 332/153/108 331/151/108 395/151/108 396/153/108
f 377/238/108 378/237/108 442/237/108 441/238/108
f 331/151/108 330/149/108 394/149/108 395/151/108
f 376/239/108 377/238/108 441/238/108 440/239/108
f 330/149/108 329/147/108 393/147/108 394/149/108
f 375/240/108 376/239/108 440/239/108 439/240/108
f 329/147/108 328/145/108 392/145/108 393/147/108
f 374/241/108 375/240/108 439/240/108 438/241/108
f 328/145/108 327/143/108 391/143/108 392/145/108
f 373/242/108 374/241/108 438/241/108 437/242/108
f 327/143/108 326/141/108 390/141/108 391/143/108
f 322/195/108 352/193/108 416/193/108 386/195/108
f 372/243/108 373/242/108 437/242/108 436/243/108
f 326/141/108 325/139/108 389/139/108 390/141/108
s 1
f 396/153/107 395/151/107 427/151/107 428/153/107
f 410/181/107 409/179/107 441/179/107 442/181/107
f 397/155/107 396/153/107 428/153/107 429/155/107
f 411/183/107 410/181/107 442/181/107 443/183/107
f 398/157/107 397/155/107 429/155/107 430/157/107
f 412/185/107 411/183/107 443/183/107 444/185/107
f 399/159/107 398/157/107 430/157/107 431/159/107
f 385/133/107 386/132/107 418/132/107 417/133/107
f 413/187/107 412/185/107 444/185/107 445/187/107
f 400/161/107 399/159/107 431/159/107 432/161/107
f 387/135/107 385/133/107 417/133/107 419/135/107
f 414/189/107 413/187/107 445/187/107 446/189/107
f 401/163/107 400/161/107 432/161/107 433/163/107
f 388/137/107 387/135/107 419/135/107 420/137/107
f 415/191/107 414/189/107 446/189/107 447/191/107
f 402/165/107 401/163/107 433/163/107 434/165/107
f 389/139/107 388/137/107 420/137/107 421/139/107
f 416/193/107 415/191/107 447/191/107 448/193/107
f 403/167/107 402/165/107 434/165/107 435/167/107
f 390/141/107 389/139/107 421/139/107 422/141/107
f 386/195/107 416/193/107 448/193/107 418/195/107
f 404/169/107 403/167/107 435/167/107 436/169/107
f 391/143/107 390/141/107 422/141/107 423/143/107
f 405/171/107 404/169/107 436/169/107 437/171/107
f 392/145/107 391/143/107 423/143/107 424/145/107
f 406/173/107 405/171/107 437/171/107 438/173/107
f 393/147/107 392/145/107 424/145/107 425/147/107
f 407/175/107 406/173/107 438/173/107 439/175/107
f 394/149/107 393/147/107 425/147/107 426/149/107
f 408/177/107 407/175/107 439/175/107 440/177/107
f 395/151/107 394/149/107 426/149/107 427/151/107
f 409/179/107 408/177/107 440/177/107 441/179/107
s 0
f 358/257/108 359/256/108 423/256/108 422/257/108
f 339/167/108 338/165/108 402/165/108 403/167/108
f 359/256/108 360/255/108 424/255/108 423/256/108
f 340/169/108 339/167/108 403/167/108 404/169/108
f 360/255/108 361/254/108 425/254/108 424/255/108
f 341/171/108 340/169/108 404/169/108 405/171/108
f 361/254/108 362/253/108 426/253/108 425/254/108
f 342/173/108 341/171/108 405/171/108 406/173/108
f 362/253/108 363/252/108 427/252/108 426/253/108
f 343/175/108 342/173/108 406/173/108 407/175/108
f 363/252/108 364/251/108 428/251/108 427/252/108
f 344/177/108 343/175/108 407/175/108 408/177/108
f 364/251/108 365/250/108 429/250/108 428/251/108
f 345/179/108 344/177/108 408/177/108 409/179/108
f 365/250/108 366/249/108 430/249/108 429/250/108
f 346/181/108 345/179/108 409/179/108 410/181/108
f 366/249/108 367/248/108 431/248/108 430/249/108
f 347/183/108 346/181/108 410/181/108 411/183/108
f 367/248/108 368/247/108 432/247/108 431/248/108
f 348/185/108 347/183/108 411/183/108 412/185/108
f 321/133/108 322/132/108 386/132/108 385/133/108
f 368/247/108 369/246/108 433/246/108 432/247/108
f 349/187/108 348/185/108 412/185/108 413/187/108
f 323/135/108 321/133/108 385/133/108 387/135/108
f 369/246/108 370/245/108 434/245/108 433/246/108
f 350/189/108 349/187/108 413/187/108 414/189/108
f 324/137/108 323/135/108 387/135/108 388/137/108
f 370/245/108 371/244/108 435/244/108 434/245/108
f 351/191/108 350/189/108 414/189/108 415/191/108
f 325/139/108 324/137/108 388/137/108 389/139/108
f 371/244/108 372/243/108 436/243/108 435/244/108
f 352/193/108 351/191/108 415/191/108 416/193/108
f 441/179/108 442/181/108 474/181/108 473/179/108
f 428/153/108 429/155/108 461/155/108 460/153/108
f 442/181/108 443/183/108 475/183/108 474/181/108
f 429/155/108 430/157/108 462/157/108 461/155/108
f 443/183/108 444/185/108 476/185/108 475/183/108
f 430/157/108 431/159/108 463/159/108 462/157/108
f 418/132/108 417/133/108 449/133/108 450/132/108
f 444/185/108 445/187/108 477/187/108 476/185/108
f 431/159/108 432/161/108 464/161/108 463/159/108
f 417/133/108 419/135/108 451/135/108 449/133/108
f 445/187/108 446/189/108 478/189/108 477/187/108
f 432/161/108 433/163/108 465/163/108 464/161/108
f 419/135/108 420/137/108 452/137/108 451/135/108
f 446/189/108 447/191/108 479/191/108 478/189/108
f 433/163/108 434/165/108 466/165/108 465/163/108
f 420/137/108 421/139/108 453/139/108 452/137/108
f 447/191/108 448/193/108 480/193/108 479/191/108
f 434/165/108 435/167/108 467/167/108 466/165/108
f 421/139/108 422/141/108 454/141/108 453/139/108
f 448/193/108 418/195/108 450/195/108 480/193/108
f 435/167/108 436/169/108 468/169/108 467/167/108
f 422/141/108 423/143/108 455/143/108 454/141/108
f 436/169/108 437/171/108 469/171/108 468/169/108
f 423/143/108 424/145/108 456/145/108 455/143/108
f 437/171/108 438/173/108 470/173/108 469/171/108
f 424/145/108 425/147/108 457/147/108 456/145/108
f 438/173/108 439/175/108 471/175/108 470/173/108
f 425/147/108 426/149/108 458/149/108 457/147/108
f 439/175/108 440/177/108 472/177/108 471/175/108
f 426/149/108 427/151/108 459/151/108 458/149/108
f 440/177/108 441/179/108 473/179/108 472/177/108
f 427/151/108 428/153/108 460/153/108 459/151/108
f 471/175/108 472/177/108 504/177/108 503/175/108
f 458/149/108 459/151/108 491/151/108 490/149/108
f 472/177/108 473/179/108 505/179/108 504/177/108
f 459/151/108 460/153/108 492/153/108 491/151/108
f 473/179/108 474/181/108 506/181/108 505/179/108
f 460/153/108 461/155/108 493/155/108 492/153/108
f 474/181/108 475/183/108 507/183/108 506/181/108
f 461/155/108 462/157/108 494/157/108 493/155/108
f 475/183/108 476/185/108 508/185/108 507/183/108
f 462/157/108 463/159/108 495/159/108 494/157/108
f 450/132/108 449/133/108 481/133/108 482/132/108
f 476/185/108 477/187/108 509/187/108 508/185/108
f 463/159/108 464/161/108 496/161/108 495/159/108
f 449/133/108 451/135/108 483/135/108 481/133/108
f 477/187/108 478/189/108 510/189/108 509/187/108
f 464/161/108 465/163/108 497/163/108 496/161/108
f 451/135/108 452/137/108 484/137/108 483/135/108
f 478/189/108 479/191/108 511/191/108 510/189/108
f 465/163/108 466/165/108 498/165/108 497/163/108
f 452/137/108 453/139/108 485/139/108 484/137/108
f 479/191/108 480/193/108 512/193/108 511/191/108
f 466/165/108 467/167/108 499/167/108 498/165/108
f 453/139/108 454/141/108 486/141/108 485/139/108
f 480/193/108 450/195/108 482/195/108 512/193/108
f 467/167/108 468/169/108 500/169/108 499/167/108
f 454/141/108 455/143/108 487/143/108 486/141/108
f 468/169/108 469/171/108 501/171/108 500/169/108
f 455/143/108 456/145/108 488/145/108 487/143/108
f 469/171/108 470/173/108 502/173/108 501/171/108
f 456/145/108 457/147/108 489/147/108 488/145/108
f 470/173/108 471/175/108 503/175/108 502/173/108
f 457/147/108 458/149/108 490/149/108 489/147/108
f 506/181/108 507/183/108 539/183/108 538/181/108
f 493/155/108 494/157/108 526/157/108 525/155/108
f 507/183/108 508/185/108 540/185/108 539/183/108
f 494/157/108 495/159/108 527/159/108 526/157/108
f 482/132/108 481/133/108 513/133/108 514/132/108
f 508/185/108 509/187/108 541/187/108 540/185/108
f 495/159/108 496/161/108 528/161/108 527/159/108
f 481/133/108 483/135/108 515/135/108 513/133/108
f 509/187/108 510/189/108 542/189/108 541/187/108
f 496/161/108 497/163/108 529/163/108 528/161/108
f 483/135/108 484/137/108 516/137/108 515/135/108
f 510/189/108 511/191/108 543/191/108 542/189/108
f 497/163/108 498/165/108 530/165/108 529/163/108
f 484/137/108 485/139/108 517/139/108 516/137/108
f 511/191/108 512/193/108 544/193/108 543/191/108
f 498/165/108 499/167/108 531/167/108 530/165/108
f 485/139/108 486/141/108 518/141/108 517/139/108
f 512/193/108 482/195/108 514/195/108 544/193/108
f 499/167/108 500/169/108 532/169/108 531/167/108
f 486/141/108 487/143/108 519/143/108 518/141/108
f 500/169/108 501/171/108 533/171/108 532/169/108
f 487/143/108 488/145/108 520/145/108 519/143/108
f 501/171/108 502/173/108 534/173/108 533/171/108
f 488/145/108 489/147/108 521/147/108 520/145/108
f 502/173/108 503/175/108 535/175/108 534/173/108
f 489/147/108 490/149/108 522/149/108 521/147/108
f 503/175/108 504/177/108 536/177/108 535/175/108
f 490/149/108 491/151/108 523/151/108 522/149/108
f 504/177/108 505/179/108 537/179/108 536/177/108
f 491/151/108 492/153/108 524/153/108 523/151/108
f 505/179/108 506/181/108 538/181/108 537/179/108
f 492/153/108 493/155/108 525/155/108 524/153/108
f 513/133/108 515/135/108 547/135/108 545/133/108
f 541/187/108 542/189/108 574/189/108 573/187/108
f 528/161/108 529/163/108 561/163/108 560/161/108
f 515/135/108 516/137/108 548/137/108 547/135/108
f 542/189/108 543/191/108 575/191/108 574/189/108
f 529/163/108 530/165/108 562/165/108 561/163/108
f 516/137/108 517/139/108 549/139/108 548/137/108
f 543/191/108 544/193/108 576/193/108 575/191/108
f 530/165/108 531/167/108 563/167/108 562/165/108
f 517/139/108 518/141/108 550/141/108 549/139/108
f 544/193/108 514/195/108 546/195/108 576/193/108
f 531/167/108 532/169/108 564/169/108 563/167/108
f 518/141/108 519/143/108 551/143/108 550/141/108
f 532/169/108 533/171/108 565/171/108 564/169/108
f 519/143/108 520/145/108 552/145/108 551/143/108
f 533/171/108 534/173/108 566/173/108 565/171/108
f 520/145/108 521/147/108 553/147/108 552/145/108
f 534/173/108 535/175/108 567/175/108 566/173/108
f 521/147/108 522/149/108 554/149/108 553/147/108
f 535/175/108 536/177/108 568/177/108 567/175/108
f 522/149/108 523/151/108 555/151/108 554/149/108
f 536/177/108 537/179/108 569/179/108 568/177/108
f 523/151/108 524/153/108 556/153/108 555/151/108
f 537/179/108 538/181/108 570/181/108 569/179/108
f 524/153/108 525/155/108 557/155/108 556/153/108
f 538/181/108 539/183/108 571/183/108 570/181/108
f 525/155/108 526/157/108 558/157/108 557/155/108
f 539/183/108 540/185/108 572/185/108 571/183/108
f 526/157/108 527/159/108 559/159/108 558/157/108
f 514/132/108 513/133/108 545/133/108 546/132/108
f 540/185/108 541/187/108 573/187/108 572/185/108
f 527/159/108 528/161/108 560/161/108 559/159/108
s 1
f 549/139/109 550/141/110 582/141/110 581/139/109
f 576/193/111 546/195/112 578/195/112 608/193/111
f 563/167/113 564/169/114 596/169/114 595/167/113
f 550/141/110 551/143/115 583/143/115 582/141/110
f 564/169/114 565/171/116 597/171/116 596/169/114
f 551/143/115 552/145/117 584/145/117 583/143/115
f 565/171/116 566/173/118 598/173/118 597/171/116
f 552/145/117 553/147/119 585/147/119 584/145/117
f 566/173/118 567/175/120 599/175/120 598/173/118
f 553/147/119 554/149/121 586/149/121 585/147/119
f 567/175/120 568/177/122 600/177/122 599/175/120
f 554/149/121 555/151/123 587/151/123 586/149/121
f 568/177/122 569/179/124 601/179/124 600/177/122
f 555/151/123 556/153/125 588/153/125 587/151/123
f 569/179/124 570/181/126 602/181/126 601/179/124
f 556/153/125 557/155/127 589/155/127 588/153/125
f 570/181/126 571/183/128 603/183/128 602/181/126
f 557/155/127 558/157/129 590/157/129 589/155/127
f 571/183/128 572/185/130 604/185/130 603/183/128
f 558/157/129 559/159/131 591/159/131 590/157/129
f 546/132/112 545/133/132 577/133/132 578/132/112
f 572/185/130 573/187/133 605/187/133 604/185/130
f 559/159/131 560/161/134 592/161/134 591/159/131
f 545/133/132 547/135/135 579/135/135 577/133/132
f 573/187/133 574/189/136 606/189/136 605/187/133
f 560/161/134 561/163/137 593/163/137 592/161/134
f 547/135/135 548/137/138 580/137/138 579/135/135
f 574/189/136 575/191/139 607/191/139 606/189/136
f 561/163/137 562/165/140 594/165/140 593/163/137
f 548/137/138 549/139/109 581/139/109 580/137/138
f 575/191/139 576/193/111 608/193/111 607/191/139
f 562/165/140 563/167/113 595/167/113 594/165/140
o Cylinder.002
v 0.000408 0.099763 -0.000624
v 0.200408 0.099763 -0.000624
v 0.000408 0.097841 -0.020133
v 0.200408 0.097841 -0.020133
v 0.000408 0.092150 -0.038893
v 0.200408 0.092150 -0.038893
v 0.000408 0.082909 -0.056181
v 0.200408 0.082909 -0.056181
v 0.000408 0.070473 -0.071335
v 0.200408 0.070473 -0.071335
v 0.000408 0.055320 -0.083771
v 0.200408 0.055320 -0.083771
v 0.000408 0.038031 -0.093012
v 0.200408 0.038031 -0.093012
v 0.000408 0.019271 -0.098703
v 0.200408 0.019271 -0.098703
v 0.000408 -0.000238 -0.100624
v 0.200408 -0.000238 -0.100624
v 0.000408 -0.019747 -0.098703
v 0.200408 -0.019747 -0.098703
v 0.000408 -0.038506 -0.093012
v 0.200408 -0.038506 -0.093012
v 0.000408 -0.055795 -0.083771
v 0.200408 -0.055795 -0.083771
v 0.000408 -0.070948 -0.071335
v 0.200408 -0.070948 -0.071335
v 0.000408 -0.083385 -0.056181
v 0.200408 -0.083385 -0.056181
v 0.000408 -0.092626 -0.038893
v 0.200408 -0.092626 -0.038893
v 0.000408 -0.098316 -0.020133
v 0.200408 -0.098316 -0.020133
v 0.000408 -0.100238 -0.000624
v 0.200408 -0.100238 -0.000624
v 0.000408 -0.098316 0.018885
v 0.200408 -0.098316 0.018885
v 0.000408 -0.092626 0.037644
v 0.200408 -0.092626 0.037644
v 0.000408 -0.083385 0.054933
v 0.200408 -0.083385 0.054933
v 0.000408 -0.070948 0.070086
v 0.200408 -0.070948 0.070086
v 0.000408 -0.055795 0.082523
v 0.200408 -0.055795 0.082523
v 0.000408 -0.038506 0.091764
v 0.200408 -0.038506 0.091764
v 0.000408 -0.019747 0.097454
v 0.200408 -0.019747 0.097454
v 0.000408 -0.000237 0.099376
v 0.200408 -0.000237 0.099376
v 0.000408 0.019272 0.097454
v 0.200408 0.019272 0.097454
v 0.000408 0.038031 0.091764
v 0.200408 0.038031 0.091764
v 0.000408 0.055320 0.082523
v 0.200408 0.055320 0.082523
v 0.000408 0.070473 0.070086
v 0.200408 0.070473 0.070086
v 0.000408 0.082909 0.054933
v 0.200408 0.082909 0.054933
v 0.000408 0.092150 0.037644
v 0.200408 0.092150 0.037644
v 0.000408 0.097841 0.018885
v 0.200408 0.097841 0.018885
v 2.200408 0.097841 -0.020133
v 2.200408 0.099762 -0.000624
v 2.200408 0.092150 -0.038893
v 2.200408 0.082909 -0.056181
v 2.200408 0.070473 -0.071335
v 2.200408 0.055319 -0.083771
v 2.200408 0.038031 -0.093012
v 2.200408 0.019271 -0.098703
v 2.200408 -0.000238 -0.100624
v 2.200408 -0.019747 -0.098703
v 2.200408 -0.038506 -0.093012
v 2.200408 -0.055795 -0.083771
v 2.200408 -0.070948 -0.071335
v 2.200408 -0.083385 -0.056181
v 2.200408 -0.092626 -0.038893
v 2.200408 -0.098316 -0.020133
v 2.200408 -0.100238 -0.000624
v 2.200408 -0.098316 0.018885
v 2.200408 -0.092626 0.037644
v 2.200408 -0.083385 0.054933
v 2.200408 -0.070948 0.070086
v 2.200408 -0.055795 0.082523
v 2.200408 -0.038506 0.091764
v 2.200408 -0.019747 0.097454
v 2.200408 -0.000238 0.099376
v 2.200408 0.019271 0.097454
v 2.200408 0.038031 0.091764
v 2.200408 0.055319 0.082523
v 2.200408 0.070473 0.070086
v 2.200408 0.082909 0.054933
v 2.200408 0.092150 0.037644
v 2.200408 0.097841 0.018885
v 2.200407 0.195919 -0.039643
v 2.200407 0.199762 -0.000624
v 2.200407 0.184538 -0.077161
v 2.200407 0.166056 -0.111739
v 2.200407 0.141184 -0.142046
v 2.200407 0.110876 -0.166918
v 2.200407 0.076299 -0.185400
v 2.200407 0.038780 -0.196782
v 2.200407 -0.000238 -0.200624
v 2.200407 -0.039256 -0.196782
v 2.200407 -0.076774 -0.185400
v 2.200407 -0.111352 -0.166918
v 2.200407 -0.141659 -0.142046
v 2.200407 -0.166532 -0.111739
v 2.200407 -0.185014 -0.077161
v 2.200407 -0.196395 -0.039642
v 2.200407 -0.200238 -0.000624
v 2.200407 -0.196395 0.038394
v 2.200407 -0.185014 0.075912
v 2.200407 -0.166532 0.110490
v 2.200407 -0.141659 0.140797
v 2.200407 -0.111352 0.165670
v 2.200407 -0.076774 0.184152
v 2.200407 -0.039256 0.195533
v 2.200407 -0.000238 0.199376
v 2.200407 0.038780 0.195533
v 2.200407 0.076299 0.184152
v 2.200407 0.110876 0.165670
v 2.200407 0.141184 0.140797
v 2.200407 0.166056 0.110490
v 2.200407 0.184538 0.075912
v 2.200407 0.195919 0.038394
v 2.200407 0.195919 -0.039643
v 2.200407 0.199762 -0.000624
v 2.200407 0.184538 -0.077161
v 2.200407 0.166056 -0.111739
v 2.200407 0.141184 -0.142046
v 2.200407 0.110876 -0.166918
v 2.200407 0.076299 -0.185400
v 2.200407 0.038780 -0.196782
v 2.200407 -0.000238 -0.200624
v 2.200407 -0.039256 -0.196782
v 2.200407 -0.076774 -0.185400
v 2.200407 -0.111352 -0.166918
v 2.200407 -0.141659 -0.142046
v 2.200407 -0.166532 -0.111739
v 2.200407 -0.185014 -0.077161
v 2.200407 -0.196395 -0.039642
v 2.200407 -0.200238 -0.000624
v 2.200407 -0.196395 0.038394
v 2.200407 -0.185014 0.075912
v 2.200407 -0.166532 0.110490
v 2.200407 -0.141659 0.140797
v 2.200407 -0.111352 0.165670
v 2.200407 -0.076774 0.184152
v 2.200407 -0.039256 0.195533
v 2.200407 -0.000238 0.199376
v 2.200407 0.038780 0.195533
v 2.200407 0.076299 0.184152
v 2.200407 0.110876 0.165670
v 2.200407 0.141184 0.140797
v 2.200407 0.166056 0.110490
v 2.200407 0.184538 0.075912
v 2.200407 0.195919 0.038394
v 2.200407 0.195919 -0.039643
v 2.200407 0.199762 -0.000624
v 2.200407 0.184538 -0.077161
v 2.200407 0.166056 -0.111739
v 2.200407 0.141184 -0.142046
v 2.200407 0.110876 -0.166918
v 2.200407 0.076299 -0.185400
v 2.200407 0.038780 -0.196782
v 2.200407 -0.000238 -0.200624
v 2.200407 -0.039256 -0.196782
v 2.200407 -0.076774 -0.185400
v 2.200407 -0.111352 -0.166918
v 2.200407 -0.141659 -0.142046
v 2.200407 -0.166532 -0.111739
v 2.200407 -0.185014 -0.077161
v 2.200407 -0.196395 -0.039642
v 2.200407 -0.200238 -0.000624
v 2.200407 -0.196395 0.038394
v 2.200407 -0.185014 0.075912
v 2.200407 -0.166532 0.110490
v 2.200407 -0.141659 0.140797
v 2.200407 -0.111352 0.165670
v 2.200407 -0.076774 0.184152
v 2.200407 -0.039256 0.195533
v 2.200407 -0.000238 0.199376
v 2.200407 0.038780 0.195533
v 2.200407 0.076299 0.184152
v 2.200407 0.110876 0.165670
v 2.200407 0.141184 0.140797
v 2.200407 0.166056 0.110490
v 2.200407 0.184538 0.075912
v 2.200407 0.195919 0.038394
v 2.800408 -0.000238 -0.000624
v 2.800408 -0.000238 -0.000624
v 2.800408 -0.000238 -0.000624
v 2.800408 -0.000238 -0.000624
v 2.800408 -0.000238 -0.000624
v 2.800408 -0.000238 -0.000624
v 2.800408 -0.000238 -0.000624
v 2.800408 -0.000238 -0.000624
v 2.800408 -0.000238 -0.000624
v 2.800408 -0.000238 -0.000624
v 2.800408 -0.000238 -0.000624
v 2.800408 -0.000238 -0.000624
v 2.800408 -0.000238 -0.000624
v 2.800408 -0.000238 -0.000624
v 2.800408 -0.000238 -0.000624
v 2.800408 -0.000238 -0.000624
v 2.800408 -0.000238 -0.000624
v 2.800408 -0.000238 -0.000624
v 2.800408 -0.000238 -0.000624
v 2.800408 -0.000238 -0.000624
v 2.800408 -0.000238 -0.000624
v 2.800408 -0.000238 -0.000624
v 2.800408 -0.000238 -0.000624
v 2.800408 -0.000238 -0.000624
v 2.800408 -0.000238 -0.000624
v 2.800408 -0.000238 -0.000624
v 2.800408 -0.000238 -0.000624
v 2.800408 -0.000238 -0.000624
v 2.800408 -0.000238 -0.000624
v 2.800408 -0.000238 -0.000624
v 2.800408 -0.000238 -0.000624
v 2.800408 -0.000238 -0.000624
vn -0.0000 1.0000 -0.0000
vn -0.0000 0.9808 -0.1951
vn -0.0000 0.9239 -0.3827
vn -0.0000 0.8315 -0.5556
vn -0.0000 0.7071 -0.7071
vn -0.0000 0.5556 -0.8315
vn -0.0000 0.3827 -0.9239
vn -0.0000 0.1951 -0.9808
vn -0.0000 -0.0000 -1.0000
vn -0.0000 -0.1951 -0.9808
vn -0.0000 -0.3827 -0.9239
vn -0.0000 -0.5556 -0.8315
vn -0.0000 -0.7071 -0.7071
vn -0.0000 -0.8315 -0.5556
vn -0.0000 -0.9239 -0.3827
vn -0.0000 -0.9808 -0.1951
vn -0.0000 -1.0000 -0.0000
vn -0.0000 -0.9808 0.1951
vn -0.0000 -0.9239 0.3827
vn -0.0000 -0.8315 0.5556
vn -0.0000 -0.7071 0.7071
vn -0.0000 -0.5556 0.8315
vn -0.0000 -0.3827 0.9239
vn -0.0000 -0.1951 0.9808
vn -0.0000 -0.0000 1.0000
vn -0.0000 0.1951 0.9808
vn -0.0000 0.3827 0.9239
vn -0.0000 0.5556 0.8315
vn -0.0000 0.7071 0.7071
vn -0.0000 0.8315 0.5556
vn -0.0000 0.9239 0.3827
vn -0.0000 0.9808 0.1951
vn -1.0000 -0.0000 -0.0000
vn 1.0000 -0.0000 -0.0000
vn 1.0000 -0.0000 -0.0001
vn 1.0000 -0.0000 0.0001
vn 0.3162 0.9305 -0.1851
vn 0.3162 0.9487 -0.0000
vn 0.3162 0.9284 -0.1953
vn 0.3162 0.6708 0.6708
vn 0.3162 0.5271 0.7888
vn 0.3162 0.5317 0.7857
vn 0.3162 -0.9305 -0.1851
vn 0.3162 -0.8765 -0.3630
vn 0.3162 0.8765 -0.3630
vn 0.3162 0.7888 0.5271
vn 0.3162 -0.9487 -0.0000
vn 0.3162 0.7888 -0.5271
vn 0.3162 0.8765 0.3630
vn 0.3162 -0.9305 0.1851
vn 0.3162 0.6708 -0.6708
vn 0.3162 0.9305 0.1851
vn 0.3162 0.9287 0.1937
vn 0.3162 -0.8765 0.3630
vn 0.3162 0.5271 -0.7888
vn 0.3162 0.5317 -0.7857
vn 0.3162 -0.7888 0.5271
vn 0.3162 0.3630 -0.8765
vn 0.3162 0.3663 -0.8751
vn 0.3162 -0.6708 0.6708
vn 0.3162 0.1851 -0.9305
vn 0.3162 0.1833 -0.9308
vn 0.3162 -0.5271 0.7888
vn 0.3162 -0.5229 0.7916
vn 0.3162 -0.0000 -0.9487
vn 0.3162 -0.3630 0.8765
vn 0.3162 -0.3596 0.8779
vn 0.3162 -0.1851 -0.9305
vn 0.3162 -0.1869 -0.9301
vn 0.3162 -0.1851 0.9305
vn 0.3162 -0.1869 0.9301
vn 0.3162 -0.3630 -0.8765
vn 0.3162 -0.3596 -0.8779
vn 0.3162 -0.0000 0.9487
vn 0.3162 -0.5271 -0.7888
vn 0.3162 -0.5229 -0.7916
vn 0.3162 0.1851 0.9305
vn 0.3162 0.1833 0.9308
vn 0.3162 -0.6708 -0.6708
vn 0.3162 0.3630 0.8765
vn 0.3162 0.3663 0.8751
vn 0.3162 -0.7888 -0.5271
vt 1.000000 0.500000
vt 1.000000 1.000000
vt 0.968750 1.000000
vt 0.968750 0.500000
vt 0.937500 1.000000
vt 0.937500 0.500000
vt 0.906250 1.000000
vt 0.906250 0.500000
vt 0.875000 1.000000
vt 0.875000 0.500000
vt 0.843750 1.000000
vt 0.843750 0.500000
vt 0.812500 1.000000
vt 0.812500 0.500000
vt 0.781250 1.000000
vt 0.781250 0.500000
vt 0.750000 1.000000
vt 0.750000 0.500000
vt 0.718750 1.000000
vt 0.718750 0.500000
vt 0.687500 1.000000
vt 0.687500 0.500000
vt 0.656250 1.000000
vt 0.656250 0.500000
vt 0.625000 1.000000
vt 0.625000 0.500000
vt 0.593750 1.000000
vt 0.593750 0.500000
vt 0.562500 1.000000
vt 0.562500 0.500000
vt 0.531250 1.000000
vt 0.531250 0.500000
vt 0.500000 1.000000
vt 0.500000 0.500000
vt 0.468750 1.000000
vt 0.468750 0.500000
vt 0.437500 1.000000
vt 0.437500 0.500000
vt 0.406250 1.000000
vt 0.406250 0.500000
vt 0.375000 1.000000
vt 0.375000 0.500000
vt 0.343750 1.000000
vt 0.343750 0.500000
vt 0.312500 1.000000
vt 0.312500 0.500000
vt 0.281250 1.000000
vt 0.281250 0.500000
vt 0.250000 1.000000
vt 0.250000 0.500000
vt 0.218750 1.000000
vt 0.218750 0.500000
vt 0.187500 1.000000
vt 0.187500 0.500000
vt 0.156250 1.000000
vt 0.156250 0.500000
vt 0.125000 1.000000
vt 0.125000 0.500000
vt 0.093750 1.000000
vt 0.093750 0.500000
vt 0.062500 1.000000
vt 0.062500 0.500000
vt 0.031250 1.000000
vt 0.031250 0.500000
vt 0.000000 1.000000
vt 0.000000 0.500000
vt 0.750000 0.490000
vt 0.796822 0.485388
vt 0.841844 0.471731
vt 0.883337 0.449553
vt 0.919706 0.419706
vt 0.949553 0.383337
vt 0.971731 0.341844
vt 0.985388 0.296822
vt 0.990000 0.250000
vt 0.985388 0.203178
vt 0.971731 0.158156
vt 0.949553 0.116663
vt 0.919706 0.080294
vt 0.883337 0.050447
vt 0.841844 0.028269
vt 0.796822 0.014612
vt 0.750000 0.010000
vt 0.703178 0.014612
vt 0.658156 0.028269
vt 0.616663 0.050447
vt 0.580294 0.080294
vt 0.550447 0.116663
vt 0.528269 0.158156
vt 0.514612 0.203178
vt 0.510000 0.250000
vt 0.514612 0.296822
vt 0.528269 0.341844
vt 0.550447 0.383337
vt 0.580294 0.419706
vt 0.616663 0.449553
vt 0.658156 0.471731
vt 0.703178 0.485388
vt 0.296822 0.485388
vt 0.250000 0.490000
vt 0.203178 0.485388
vt 0.158156 0.471731
vt 0.116663 0.449553
vt 0.080294 0.419706
vt 0.050447 0.383337
vt 0.028269 0.341844
vt 0.014612 0.296822
vt 0.010000 0.250000
vt 0.014612 0.203178
vt 0.028269 0.158156
vt 0.050447 0.116663
vt 0.080294 0.080294
vt 0.116663 0.050447
vt 0.158156 0.028269
vt 0.203178 0.014612
vt 0.250000 0.010000
vt 0.296822 0.014612
vt 0.341844 0.028269
vt 0.383337 0.050447
vt 0.419706 0.080294
vt 0.449553 0.116663
vt 0.471731 0.158156
vt 0.485388 0.203178
vt 0.490000 0.250000
vt 0.485388 0.296822
vt 0.471731 0.341844
vt 0.449553 0.383337
vt 0.419706 0.419706
vt 0.383337 0.449553
vt 0.341844 0.471731
s 1
usemtl X
f 609/261/141 610/262/141 612/263/142 611/264/142
f 611/264/142 612/263/142 614/265/143 613/266/143
f 613/266/143 614/265/143 616/267/144 615/268/144
f 615/268/144 616/267/144 618/269/145 617/270/145
f 617/270/145 618/269/145 620/271/146 619/272/146
f 619/272/146 620/271/146 622/273/147 621/274/147
f 621/274/147 622/273/147 624/275/148 623/276/148
f 623/276/148 624/275/148 626/277/149 625/278/149
f 625/278/149 626/277/149 628/279/150 627/280/150
f 627/280/150 628/279/150 630/281/151 629/282/151
f 629/282/151 630/281/151 632/283/152 631/284/152
f 631/284/152 632/283/152 634/285/153 633/286/153
f 633/286/153 634/285/153 636/287/154 635/288/154
f 635/288/154 636/287/154 638/289/155 637/290/155
f 637/290/155 638/289/155 640/291/156 639/292/156
f 639/292/156 640/291/156 642/293/157 641/294/157
f 641/294/157 642/293/157 644/295/158 643/296/158
f 643/296/158 644/295/158 646/297/159 645/298/159
f 645/298/159 646/297/159 648/299/160 647/300/160
f 647/300/160 648/299/160 650/301/161 649/302/161
f 649/302/161 650/301/161 652/303/162 651/304/162
f 651/304/162 652/303/162 654/305/163 653/306/163
f 653/306/163 654/305/163 656/307/164 655/308/164
f 655/308/164 656/307/164 658/309/165 657/310/165
f 657/310/165 658/309/165 660/311/166 659/312/166
f 659/312/166 660/311/166 662/313/167 661/314/167
f 661/314/167 662/313/167 664/315/168 663/316/168
f 663/316/168 664/315/168 666/317/169 665/318/169
f 665/318/169 666/317/169 668/319/170 667/320/170
f 667/320/170 668/319/170 670/321/171 669/322/171
f 626/277/149 624/275/148 680/275/148 681/277/149
f 669/322/171 670/321/171 672/323/172 671/324/172
f 671/324/172 672/323/172 610/325/141 609/326/141
f 609/327/173 611/328/173 613/329/173 615/330/173 617/331/173 619/332/173 621/333/173 623/334/173 625/335/173 627/336/173 629/337/173 631/338/173 633/339/173 635/340/173 637/341/173 639/342/173 641/343/173 643/344/173 645/345/173 647/346/173 649/347/173 651/348/173 653/349/173 655/350/173 657/351/173 659/352/173 661/353/173 663/354/173 665/355/173 667/356/173 669/357/173 671/358/173
f 674/325/173 704/323/173 736/323/173 706/325/173
f 644/295/158 642/293/157 689/293/157 690/295/158
f 662/313/167 660/311/166 698/311/166 699/313/167
f 618/269/145 616/267/144 676/267/144 677/269/145
f 636/287/154 634/285/153 685/285/153 686/287/154
f 654/305/163 652/303/162 694/303/162 695/305/163
f 672/323/172 670/321/171 703/321/171 704/323/172
f 628/279/150 626/277/149 681/277/149 682/279/150
f 646/297/159 644/295/158 690/295/158 691/297/159
f 664/315/168 662/313/167 699/313/167 700/315/168
f 620/271/146 618/269/145 677/269/145 678/271/146
f 638/289/155 636/287/154 686/287/154 687/289/155
f 612/263/142 610/262/141 674/262/141 673/263/142
f 656/307/164 654/305/163 695/305/163 696/307/164
f 610/325/141 672/323/172 704/323/172 674/325/141
f 630/281/151 628/279/150 682/279/150 683/281/151
f 648/299/160 646/297/159 691/297/159 692/299/160
f 666/317/169 664/315/168 700/315/168 701/317/169
f 622/273/147 620/271/146 678/271/146 679/273/147
f 640/291/156 638/289/155 687/289/155 688/291/156
f 658/309/165 656/307/164 696/307/164 697/309/165
f 614/265/143 612/263/142 673/263/142 675/265/143
f 632/283/152 630/281/151 683/281/151 684/283/152
f 650/301/161 648/299/160 692/299/160 693/301/161
f 668/319/170 666/317/169 701/317/169 702/319/170
f 624/275/148 622/273/147 679/273/147 680/275/148
f 642/293/157 640/291/156 688/291/156 689/293/157
f 660/311/166 658/309/165 697/309/165 698/311/166
f 616/267/144 614/265/143 675/265/143 676/267/144
f 634/285/153 632/283/152 684/283/152 685/285/153
f 652/303/162 650/301/161 693/301/161 694/303/162
f 670/321/171 668/319/170 702/319/170 703/321/171
s 0
f 727/305/174 726/303/165 758/303/174 759/305/149
s 1
f 692/299/173 691/297/173 723/297/173 724/299/173
f 679/273/173 678/271/173 710/271/173 711/273/173
f 693/301/173 692/299/173 724/299/173 725/301/173
f 680/275/173 679/273/173 711/273/173 712/275/173
f 694/303/173 693/301/173 725/301/173 726/303/173
f 681/277/173 680/275/173 712/275/173 713/277/173
f 695/305/173 694/303/173 726/303/173 727/305/173
f 682/279/173 681/277/173 713/277/173 714/279/173
f 696/307/173 695/305/173 727/305/173 728/307/173
f 683/281/173 682/279/173 714/279/173 715/281/173
f 697/309/173 696/307/173 728/307/173 729/309/173
f 684/283/173 683/281/173 715/281/173 716/283/173
f 698/311/173 697/309/173 729/309/173 730/311/173
f 685/285/173 684/283/173 716/283/173 717/285/173
f 699/313/173 698/311/173 730/311/173 731/313/173
f 686/287/173 685/285/173 717/285/173 718/287/173
f 700/315/173 699/313/173 731/313/173 732/315/173
f 687/289/173 686/287/173 718/287/173 719/289/173
f 673/263/173 674/262/173 706/262/173 705/263/173
f 701/317/173 700/315/173 732/315/173 733/317/173
f 688/291/173 687/289/173 719/289/173 720/291/173
f 675/265/173 673/263/173 705/263/173 707/265/173
f 702/319/173 701/317/173 733/317/173 734/319/173
f 689/293/173 688/291/173 720/291/173 721/293/173
f 676/267/173 675/265/173 707/265/173 708/267/173
f 703/321/173 702/319/173 734/319/173 735/321/173
f 690/295/173 689/293/173 721/293/173 722/295/173
f 677/269/173 676/267/173 708/267/173 709/269/173
f 704/323/173 703/321/173 735/321/173 736/323/173
f 691/297/173 690/295/173 722/295/173 723/297/173
f 678/271/173 677/269/173 709/269/173 710/271/173
s 0
f 762/311/174 761/309/165 793/309/174 794/311/149
f 714/279/174 713/277/149 745/277/175 746/279/149
f 728/307/174 727/305/165 759/305/174 760/307/165
f 715/281/174 714/279/165 746/279/174 747/281/165
f 729/309/174 728/307/149 760/307/174 761/309/165
f 716/283/174 715/281/165 747/281/174 748/283/149
f 730/311/174 729/309/165 761/309/174 762/311/149
f 717/285/174 716/283/149 748/283/174 749/285/149
f 731/313/174 730/311/165 762/311/174 763/313/165
f 718/287/174 717/285/165 749/285/176 750/287/165
f 732/315/174 731/313/149 763/313/174 764/315/165
f 719/289/174 718/287/149 750/287/175 751/289/149
f 705/263/174 706/262/165 738/262/174 737/263/165
f 733/317/174 732/315/149 764/315/174 765/317/149
f 720/291/174 719/289/165 751/289/174 752/291/149
f 707/265/174 705/263/149 737/263/174 739/265/165
f 734/319/176 733/317/165 765/317/174 766/319/165
f 721/293/174 720/291/165 752/291/174 753/293/165
f 708/267/175 707/265/149 739/265/174 740/267/149
f 735/321/175 734/319/149 766/319/174 767/321/149
f 722/295/174 721/293/165 753/293/174 754/295/165
f 709/269/176 708/267/165 740/267/174 741/269/165
f 736/323/174 735/321/149 767/321/174 768/323/165
f 723/297/174 722/295/165 754/295/174 755/297/149
f 710/271/174 709/269/149 741/269/174 742/271/149
f 706/325/174 736/323/165 768/323/174 738/325/165
f 724/299/174 723/297/149 755/297/175 756/299/149
f 711/273/174 710/271/149 742/271/174 743/273/165
f 725/301/174 724/299/165 756/299/176 757/301/165
f 712/275/174 711/273/165 743/273/174 744/275/165
f 726/303/174 725/301/149 757/301/174 758/303/149
f 713/277/175 712/275/149 744/275/174 745/277/149
s 1
f 769/263/177 770/262/178 802/262/178 801/263/179
s 0
f 749/285/174 748/283/149 780/283/174 781/285/149
f 763/313/174 762/311/165 794/311/174 795/313/165
f 750/287/174 749/285/165 781/285/176 782/287/165
f 764/315/174 763/313/149 795/313/174 796/315/165
f 751/289/174 750/287/149 782/287/175 783/289/149
f 737/263/174 738/262/165 770/262/174 769/263/165
f 765/317/174 764/315/149 796/315/174 797/317/149
f 752/291/174 751/289/165 783/289/174 784/291/149
f 739/265/174 737/263/149 769/263/174 771/265/165
f 766/319/176 765/317/165 797/317/174 798/319/165
f 753/293/174 752/291/165 784/291/174 785/293/165
f 740/267/175 739/265/149 771/265/174 772/267/149
f 767/321/175 766/319/149 798/319/174 799/321/149
f 754/295/174 753/293/165 785/293/174 786/295/165
f 741/269/176 740/267/165 772/267/174 773/269/165
f 768/323/174 767/321/149 799/321/174 800/323/165
f 755/297/174 754/295/165 786/295/174 787/297/149
f 742/271/174 741/269/149 773/269/174 774/271/149
f 738/325/174 768/323/165 800/323/174 770/325/165
f 756/299/174 755/297/149 787/297/175 788/299/149
f 743/273/174 742/271/149 774/271/174 775/273/165
f 757/301/174 756/299/165 788/299/176 789/301/165
f 744/275/174 743/273/165 775/273/174 776/275/165
f 758/303/174 757/301/149 789/301/174 790/303/149
f 745/277/175 744/275/149 776/275/174 777/277/149
f 759/305/174 758/303/165 790/303/174 791/305/149
f 746/279/174 745/277/149 777/277/175 778/279/149
f 760/307/174 759/305/165 791/305/174 792/307/165
f 747/281/174 746/279/165 778/279/174 779/281/165
f 761/309/174 760/307/149 792/307/174 793/309/165
f 748/283/174 747/281/165 779/281/174 780/283/149
f 801/359/174 802/360/174 832/361/149 831/362/149 830/363/149 829/364/149 828/365/174 827/366/149 826/367/174 825/368/174 824/369/149 823/370/174 822/371/149 821/372/149 820/373/149 819/374/149 818/375/149 817/376/149 816/377/149 815/378/149 814/379/149 813/380/149 812/381/174 811/382/149 810/383/174 809/384/174 808/385/149 807/386/174 806/387/149 805/388/149 804/389/149 803/390/149
s 1
f 797/317/180 796/315/181 828/315/182 829/317/180
f 784/291/183 783/289/184 815/289/184 816/291/183
f 771/265/185 769/263/177 801/263/179 803/265/185
f 798/319/186 797/317/180 829/317/180 830/319/186
f 785/293/187 784/291/183 816/291/183 817/293/187
f 772/267/188 771/265/185 803/265/185 804/267/188
f 799/321/189 798/319/186 830/319/186 831/321/189
f 786/295/190 785/293/187 817/293/187 818/295/190
f 773/269/191 772/267/188 804/267/188 805/269/191
f 800/323/192 799/321/189 831/321/189 832/323/193
f 787/297/194 786/295/190 818/295/190 819/297/194
f 774/271/195 773/269/191 805/269/191 806/271/196
f 770/325/178 800/323/192 832/323/193 802/325/178
f 788/299/197 787/297/194 819/297/194 820/299/197
f 775/273/198 774/271/195 806/271/196 807/273/199
f 789/301/200 788/299/197 820/299/197 821/301/200
f 776/275/201 775/273/198 807/273/199 808/275/202
f 790/303/203 789/301/200 821/301/200 822/303/204
f 777/277/205 776/275/201 808/275/202 809/277/205
f 791/305/206 790/303/203 822/303/204 823/305/207
f 778/279/208 777/277/205 809/277/205 810/279/209
f 792/307/210 791/305/206 823/305/207 824/307/211
f 779/281/212 778/279/208 810/279/209 811/281/213
f 793/309/214 792/307/210 824/307/211 825/309/214
f 780/283/215 779/281/212 811/281/213 812/283/216
f 794/311/217 793/309/214 825/309/214 826/311/218
f 781/285/219 780/283/215 812/283/216 813/285/219
f 795/313/220 794/311/217 826/311/218 827/313/221
f 782/287/222 781/285/219 813/285/219 814/287/222
f 796/315/181 795/313/220 827/313/221 828/315/182
f 783/289/184 782/287/222 814/287/222 815/289/184
o Sphere
v 0.000000 0.083147 -0.055557
v 0.000000 0.055557 -0.083147
v 0.000000 0.019509 -0.098079
v 0.000000 -0.000000 -0.100000
v 0.000000 -0.019509 -0.098079
v 0.000000 -0.055557 -0.083147
v 0.003806 0.098079 -0.019134
v 0.007466 0.092388 -0.037533
v 0.010839 0.083147 -0.054490
v 0.013795 0.070711 -0.069352
v 0.016221 0.055557 -0.081549
v 0.018024 0.038268 -0.090613
v 0.019134 0.019509 -0.096194
v 0.019509 -0.000000 -0.098079
v 0.019134 -0.019509 -0.096194
v 0.018024 -0.038268 -0.090613
v 0.016221 -0.055557 -0.081549
v 0.013795 -0.070711 -0.069352
v 0.010839 -0.083147 -0.054490
v 0.007466 -0.092388 -0.037533
v 0.003806 -0.098079 -0.019134
v 0.007466 0.098079 -0.018024
v 0.014645 0.092388 -0.035355
v 0.021261 0.083147 -0.051328
v 0.027060 0.070711 -0.065328
v 0.031819 0.055557 -0.076818
v 0.035355 0.038268 -0.085355
v 0.037533 0.019509 -0.090613
v 0.038268 -0.000000 -0.092388
v 0.037533 -0.019509 -0.090613
v 0.035355 -0.038268 -0.085355
v 0.031819 -0.055557 -0.076818
v 0.027060 -0.070711 -0.065328
v 0.021261 -0.083147 -0.051328
v 0.014645 -0.092388 -0.035355
v 0.007466 -0.098079 -0.018024
v 0.010839 0.098079 -0.016221
v 0.021261 0.092388 -0.031819
v 0.030866 0.083147 -0.046194
v 0.039285 0.070711 -0.058794
v 0.046194 0.055557 -0.069134
v 0.051328 0.038268 -0.076818
v 0.054490 0.019509 -0.081549
v 0.055557 -0.000000 -0.083147
v 0.054490 -0.019509 -0.081549
v 0.051328 -0.038268 -0.076818
v 0.046194 -0.055557 -0.069134
v 0.039285 -0.070711 -0.058794
v 0.030866 -0.083147 -0.046194
v 0.021261 -0.092388 -0.031819
v 0.010839 -0.098079 -0.016221
v 0.013795 0.098079 -0.013795
v 0.027060 0.092388 -0.027060
v 0.039285 0.083147 -0.039285
v 0.050000 0.070711 -0.050000
v 0.058794 0.055557 -0.058794
v 0.065328 0.038268 -0.065328
v 0.069352 0.019509 -0.069352
v 0.070711 -0.000000 -0.070711
v 0.069352 -0.019509 -0.069352
v 0.065328 -0.038268 -0.065328
v 0.058794 -0.055557 -0.058794
v 0.050000 -0.070711 -0.050000
v 0.039285 -0.083147 -0.039285
v 0.027060 -0.092388 -0.027060
v 0.013795 -0.098079 -0.013795
v 0.016221 0.098079 -0.010839
v 0.031819 0.092388 -0.021261
v 0.046194 0.083147 -0.030866
v 0.058794 0.070711 -0.039285
v 0.069134 0.055557 -0.046194
v 0.076818 0.038268 -0.051328
v 0.081549 0.019509 -0.054490
v 0.083147 -0.000000 -0.055557
v 0.081549 -0.019509 -0.054490
v 0.076818 -0.038268 -0.051328
v 0.069134 -0.055557 -0.046194
v 0.058794 -0.070711 -0.039285
v 0.046194 -0.083147 -0.030866
v 0.031819 -0.092388 -0.021261
v 0.016221 -0.098079 -0.010839
v 0.000000 0.100000 -0.000000
v 0.018024 0.098079 -0.007466
v 0.035355 0.092388 -0.014645
v 0.051328 0.083147 -0.021261
v 0.065328 0.070711 -0.027060
v 0.076818 0.055557 -0.031819
v 0.085355 0.038268 -0.035355
v 0.090613 0.019509 -0.037533
v 0.092388 -0.000000 -0.038268
v 0.090613 -0.019509 -0.037533
v 0.085355 -0.038268 -0.035355
v 0.076818 -0.055557 -0.031819
v 0.065328 -0.070711 -0.027060
v 0.051328 -0.083147 -0.021261
v 0.035355 -0.092388 -0.014645
v 0.018024 -0.098079 -0.007466
v 0.019134 0.098079 -0.003806
v 0.037533 0.092388 -0.007466
v 0.054490 0.083147 -0.010839
v 0.069352 0.070711 -0.013795
v 0.081549 0.055557 -0.016221
v 0.090613 0.038268 -0.018024
v 0.096194 0.019509 -0.019134
v 0.098079 -0.000000 -0.019509
v 0.096194 -0.019509 -0.019134
v 0.090613 -0.038268 -0.018024
v 0.081549 -0.055557 -0.016221
v 0.069352 -0.070711 -0.013795
v 0.054490 -0.083147 -0.010839
v 0.037533 -0.092388 -0.007466
v 0.019134 -0.098079 -0.003806
v 0.019509 0.098079 -0.000000
v 0.038268 0.092388 -0.000000
v 0.055557 0.083147 -0.000000
v 0.070711 0.070711 -0.000000
v 0.083147 0.055557 -0.000000
v 0.092388 0.038268 -0.000000
v 0.098079 0.019509 -0.000000
v 0.100000 0.000000 0.000000
v 0.098079 -0.019509 0.000000
v 0.092388 -0.038268 0.000000
v 0.083147 -0.055557 0.000000
v 0.070711 -0.070711 0.000000
v 0.055557 -0.083147 0.000000
v 0.038268 -0.092388 0.000000
v 0.019509 -0.098079 0.000000
v 0.019134 0.098079 0.003806
v 0.037533 0.092388 0.007466
v 0.054490 0.083147 0.010839
v 0.069352 0.070711 0.013795
v 0.081549 0.055557 0.016221
v 0.090613 0.038268 0.018024
v 0.096194 0.019509 0.019134
v 0.098079 0.000000 0.019509
v 0.096194 -0.019509 0.019134
v 0.090613 -0.038268 0.018024
v 0.081549 -0.055557 0.016221
v 0.069352 -0.070711 0.013795
v 0.054490 -0.083147 0.010839
v 0.037533 -0.092388 0.007466
v 0.019134 -0.098079 0.003806
v 0.018024 0.098079 0.007466
v 0.035355 0.092388 0.014645
v 0.051328 0.083147 0.021261
v 0.065328 0.070711 0.027060
v 0.076818 0.055557 0.031819
v 0.085355 0.038268 0.035355
v 0.090613 0.019509 0.037533
v 0.092388 0.000000 0.038268
v 0.090613 -0.019509 0.037533
v 0.085355 -0.038268 0.035355
v 0.076818 -0.055557 0.031819
v 0.065328 -0.070711 0.027060
v 0.051328 -0.083147 0.021261
v 0.035355 -0.092388 0.014645
v 0.018024 -0.098079 0.007466
v 0.016221 0.098079 0.010839
v 0.031819 0.092388 0.021261
v 0.046194 0.083147 0.030866
v 0.058794 0.070711 0.039285
v 0.069134 0.055557 0.046194
v 0.076818 0.038268 0.051328
v 0.081549 0.019509 0.054490
v 0.083147 0.000000 0.055557
v 0.081549 -0.019509 0.054490
v 0.076818 -0.038268 0.051328
v 0.069134 -0.055557 0.046194
v 0.058794 -0.070711 0.039285
v 0.046194 -0.083147 0.030866
v 0.031819 -0.092388 0.021261
v 0.016221 -0.098079 0.010839
v 0.013795 0.098079 0.013795
v 0.027060 0.092388 0.027060
v 0.039285 0.083147 0.039285
v 0.050000 0.070711 0.050000
v 0.058794 0.055557 0.058794
v 0.065328 0.038268 0.065328
v 0.069352 0.019509 0.069352
v 0.070711 0.000000 0.070711
v 0.069352 -0.019509 0.069352
v 0.065328 -0.038268 0.065328
v 0.058794 -0.055557 0.058794
v 0.050000 -0.070711 0.050000
v 0.039285 -0.083147 0.039285
v 0.027060 -0.092388 0.027060
v 0.013795 -0.098079 0.013795
v 0.010839 0.098079 0.016221
v 0.021261 0.092388 0.031819
v 0.030866 0.083147 0.046194
v 0.039285 0.070711 0.058794
v 0.046194 0.055557 0.069134
v 0.051328 0.038268 0.076818
v 0.054490 0.019509 0.081549
v 0.055557 0.000000 0.083147
v 0.054490 -0.019509 0.081549
v 0.051328 -0.038268 0.076818
v 0.046194 -0.055557 0.069134
v 0.039285 -0.070711 0.058794
v 0.030866 -0.083147 0.046194
v 0.021261 -0.092388 0.031819
v 0.010839 -0.098079 0.016221
v 0.007466 0.098079 0.018024
v 0.014645 0.092388 0.035355
v 0.021261 0.083147 0.051328
v 0.027060 0.070711 0.065328
v 0.031819 0.055557 0.076818
v 0.035355 0.038268 0.085355
v 0.037533 0.019509 0.090613
v 0.038268 0.000000 0.092388
v 0.037533 -0.019509 0.090613
v 0.035355 -0.038268 0.085355
v 0.031819 -0.055557 0.076818
v 0.027060 -0.070711 0.065328
v 0.021261 -0.083147 0.051328
v 0.014645 -0.092388 0.035355
v 0.007466 -0.098079 0.018024
v 0.003806 0.098079 0.019134
v 0.007466 0.092388 0.037533
v 0.010839 0.083147 0.054490
v 0.013795 0.070711 0.069352
v 0.016221 0.055557 0.081549
v 0.018024 0.038268 0.090613
v 0.019134 0.019509 0.096194
v 0.019509 0.000000 0.098079
v 0.019134 -0.019509 0.096194
v 0.018024 -0.038268 0.090613
v 0.016221 -0.055557 0.081549
v 0.013795 -0.070711 0.069352
v 0.010839 -0.083147 0.054490
v 0.007466 -0.092388 0.037533
v 0.003806 -0.098079 0.019134
v 0.000000 0.098079 0.019509
v 0.000000 0.092388 0.038268
v 0.000000 0.083147 0.055557
v 0.000000 0.070711 0.070711
v 0.000000 0.055557 0.083147
v 0.000000 0.038268 0.092388
v 0.000000 0.019509 0.098079
v 0.000000 0.000000 0.100000
v 0.000000 -0.019509 0.098079
v 0.000000 -0.038268 0.092388
v 0.000000 -0.055557 0.083147
v 0.000000 -0.070711 0.070711
v 0.000000 -0.083147 0.055557
v 0.000000 -0.092388 0.038268
v 0.000000 -0.098079 0.019509
v -0.003806 0.098079 0.019134
v -0.007466 0.092388 0.037533
v -0.010839 0.083147 0.054490
v -0.013795 0.070711 0.069352
v -0.016221 0.055557 0.081549
v -0.018024 0.038268 0.090613
v -0.019134 0.019509 0.096194
v -0.019509 0.000000 0.098079
v -0.019134 -0.019509 0.096194
v -0.018024 -0.038268 0.090613
v -0.016221 -0.055557 0.081549
v -0.013795 -0.070711 0.069352
v -0.010839 -0.083147 0.054490
v -0.007466 -0.092388 0.037533
v -0.003806 -0.098079 0.019134
v -0.007466 0.098079 0.018024
v -0.014645 0.092388 0.035355
v -0.021261 0.083147 0.051328
v -0.027060 0.070711 0.065328
v -0.031819 0.055557 0.076818
v -0.035355 0.038268 0.085355
v -0.037533 0.019509 0.090613
v -0.038268 0.000000 0.092388
v -0.037533 -0.019509 0.090613
v -0.035355 -0.038268 0.085355
v -0.031819 -0.055557 0.076818
v -0.027060 -0.070711 0.065328
v -0.021261 -0.083147 0.051328
v -0.014645 -0.092388 0.035355
v -0.007466 -0.098079 0.018024
v -0.010839 0.098079 0.016221
v -0.021261 0.092388 0.031819
v -0.030866 0.083147 0.046194
v -0.039285 0.070711 0.058794
v -0.046194 0.055557 0.069134
v -0.051328 0.038268 0.076818
v -0.054490 0.019509 0.081549
v -0.055557 0.000000 0.083147
v -0.054490 -0.019509 0.081549
v -0.051328 -0.038268 0.076818
v -0.046194 -0.055557 0.069134
v -0.039285 -0.070711 0.058794
v -0.030866 -0.083147 0.046194
v -0.021261 -0.092388 0.031819
v -0.010839 -0.098079 0.016221
v -0.013795 0.098079 0.013795
v -0.027060 0.092388 0.027060
v -0.039285 0.083147 0.039285
v -0.050000 0.070711 0.050000
v -0.058794 0.055557 0.058794
v -0.065328 0.038268 0.065328
v -0.069352 0.019509 0.069352
v -0.070711 0.000000 0.070711
v -0.069352 -0.019509 0.069352
v -0.065328 -0.038268 0.065328
v -0.058794 -0.055557 0.058794
v -0.050000 -0.070711 0.050000
v -0.039285 -0.083147 0.039285
v -0.027060 -0.092388 0.027060
v -0.013795 -0.098079 0.013795
v 0.000000 -0.100000 0.000000
v -0.016221 0.098079 0.010839
v -0.031819 0.092388 0.021261
v -0.046194 0.083147 0.030866
v -0.058794 0.070711 0.039285
v -0.069134 0.055557 0.046194
v -0.076818 0.038268 0.051328
v -0.081549 0.019509 0.054490
v -0.083147 0.000000 0.055557
v -0.081549 -0.019509 0.054490
v -0.076818 -0.038268 0.051328
v -0.069134 -0.055557 0.046194
v -0.058794 -0.070711 0.039285
v -0.046194 -0.083147 0.030866
v -0.031819 -0.092388 0.021261
v -0.016221 -0.098079 0.010839
v -0.018024 0.098079 0.007466
v -0.035355 0.092388 0.014645
v -0.051328 0.083147 0.021261
v -0.065328 0.070711 0.027060
v -0.076818 0.055557 0.031819
v -0.085355 0.038268 0.035355
v -0.090613 0.019509 0.037533
v -0.092388 0.000000 0.038268
v -0.090613 -0.019509 0.037533
v -0.085355 -0.038268 0.035355
v -0.076818 -0.055557 0.031819
v -0.065328 -0.070711 0.027060
v -0.051328 -0.083147 0.021261
v -0.035355 -0.092388 0.014645
v -0.018024 -0.098079 0.007466
v -0.019134 0.098079 0.003806
v -0.037533 0.092388 0.007466
v -0.054490 0.083147 0.010839
v -0.069352 0.070711 0.013795
v -0.081549 0.055557 0.016221
v -0.090613 0.038268 0.018024
v -0.096194 0.019509 0.019134
v -0.098078 0.000000 0.019509
v -0.096194 -0.019509 0.019134
v -0.090613 -0.038268 0.018024
v -0.081549 -0.055557 0.016221
v -0.069352 -0.070711 0.013795
v -0.054490 -0.083147 0.010839
v -0.037533 -0.092388 0.007466
v -0.019134 -0.098079 0.003806
v -0.019509 0.098079 -0.000000
v -0.038268 0.092388 -0.000000
v -0.055557 0.083147 -0.000000
v -0.070711 0.070711 -0.000000
v -0.083147 0.055557 -0.000000
v -0.092388 0.038268 -0.000000
v -0.098079 0.019509 -0.000000
v -0.100000 0.000000 0.000000
v -0.098079 -0.019509 0.000000
v -0.092388 -0.038268 0.000000
v -0.083147 -0.055557 0.000000
v -0.070711 -0.070711 0.000000
v -0.055557 -0.083147 0.000000
v -0.038268 -0.092388 0.000000
v -0.019509 -0.098079 0.000000
v -0.019134 0.098079 -0.003806
v -0.037533 0.092388 -0.007466
v -0.054490 0.083147 -0.010839
v -0.069352 0.070711 -0.013795
v -0.081549 0.055557 -0.016221
v -0.090613 0.038268 -0.018024
v -0.096194 0.019509 -0.019134
v -0.098078 -0.000000 -0.019509
v -0.096194 -0.019509 -0.019134
v -0.090613 -0.038268 -0.018024
v -0.081549 -0.055557 -0.016221
v -0.069352 -0.070711 -0.013795
v -0.054490 -0.083147 -0.010839
v -0.037533 -0.092388 -0.007466
v -0.019134 -0.098079 -0.003806
v -0.018024 0.098079 -0.007466
v -0.035355 0.092388 -0.014645
v -0.051328 0.083147 -0.021261
v -0.065328 0.070711 -0.027060
v -0.076818 0.055557 -0.031819
v -0.085355 0.038268 -0.035355
v -0.090613 0.019509 -0.037533
v -0.092388 -0.000000 -0.038268
v -0.090613 -0.019509 -0.037533
v -0.085355 -0.038268 -0.035355
v -0.076818 -0.055557 -0.031819
v -0.065328 -0.070711 -0.027060
v -0.051328 -0.083147 -0.021261
v -0.035355 -0.092388 -0.014645
v -0.018024 -0.098079 -0.007466
v -0.016221 0.098079 -0.010839
v -0.031819 0.092388 -0.021261
v -0.046194 0.083147 -0.030866
v -0.058794 0.070711 -0.039285
v -0.069134 0.055557 -0.046194
v -0.076818 0.038268 -0.051328
v -0.081549 0.019509 -0.054490
v -0.083147 -0.000000 -0.055557
v -0.081549 -0.019509 -0.054490
v -0.076818 -0.038268 -0.051328
v -0.069134 -0.055557 -0.046194
v -0.058794 -0.070711 -0.039285
v -0.046194 -0.083147 -0.030866
v -0.031819 -0.092388 -0.021261
v -0.016221 -0.098079 -0.010839
v -0.013795 0.098079 -0.013795
v -0.027060 0.092388 -0.027060
v -0.039285 0.083147 -0.039285
v -0.050000 0.070711 -0.050000
v -0.058794 0.055557 -0.058794
v -0.065328 0.038268 -0.065328
v -0.069352 0.019509 -0.069352
v -0.070711 -0.000000 -0.070711
v -0.069352 -0.019509 -0.069352
v -0.065328 -0.038268 -0.065328
v -0.058794 -0.055557 -0.058794
v -0.050000 -0.070711 -0.050000
v -0.039285 -0.083147 -0.039285
v -0.027060 -0.092388 -0.027060
v -0.013795 -0.098079 -0.013795
v -0.010839 0.098079 -0.016221
v -0.021261 0.092388 -0.031819
v -0.030866 0.083147 -0.046194
v -0.039285 0.070711 -0.058794
v -0.046194 0.055557 -0.069134
v -0.051328 0.038268 -0.076818
v -0.054490 0.019509 -0.081549
v -0.055557 -0.000000 -0.083147
v -0.054490 -0.019509 -0.081549
v -0.051328 -0.038268 -0.076818
v -0.046194 -0.055557 -0.069134
v -0.039285 -0.070711 -0.058794
v -0.030866 -0.083147 -0.046194
v -0.021261 -0.092388 -0.031819
v -0.010839 -0.098079 -0.016221
v -0.007466 0.098079 -0.018024
v -0.014645 0.092388 -0.035355
v -0.021261 0.083147 -0.051328
v -0.027060 0.070711 -0.065328
v -0.031819 0.055557 -0.076818
v -0.035355 0.038268 -0.085355
v -0.037533 0.019509 -0.090613
v -0.038268 -0.000000 -0.092388
v -0.037533 -0.019509 -0.090613
v -0.035355 -0.038268 -0.085355
v -0.031819 -0.055557 -0.076818
v -0.027060 -0.070711 -0.065328
v -0.021261 -0.083147 -0.051328
v -0.014645 -0.092388 -0.035355
v -0.007466 -0.098079 -0.018024
v -0.003806 0.098079 -0.019134
v -0.007466 0.092388 -0.037533
v -0.010839 0.083147 -0.054490
v -0.013795 0.070711 -0.069352
v -0.016221 0.055557 -0.081549
v -0.018024 0.038268 -0.090613
v -0.019134 0.019509 -0.096194
v -0.019509 -0.000000 -0.098078
v -0.019134 -0.019509 -0.096194
v -0.018024 -0.038268 -0.090613
v -0.016221 -0.055557 -0.081549
v -0.013795 -0.070711 -0.069352
v -0.010839 -0.083147 -0.054490
v -0.007466 -0.092388 -0.037533
v -0.003806 -0.098079 -0.019134
v 0.000000 0.098079 -0.019509
v 0.000000 0.092388 -0.038268
v 0.000000 0.070711 -0.070711
v 0.000000 0.038268 -0.092388
v 0.000000 -0.038268 -0.092388
v 0.000000 -0.070711 -0.070711
v 0.000000 -0.083147 -0.055557
v 0.000000 -0.092388 -0.038268
v 0.000000 -0.098079 -0.019509
vn -0.0000 -0.0000 -1.0000
vn -0.0000 0.1939 -0.9810
vn 0.1914 0.1939 -0.9622
vn 0.1951 -0.0000 -0.9808
vn -0.0000 0.9796 -0.2010
vn -0.0000 1.0000 -0.0000
vn 0.0392 0.9796 -0.1971
vn -0.0000 -1.0000 -0.0000
vn -0.0000 -0.9796 -0.2010
vn 0.0392 -0.9796 -0.1971
vn -0.0000 -0.1939 -0.9810
vn 0.1914 -0.1939 -0.9622
vn -0.0000 0.9217 -0.3879
vn 0.0757 0.9217 -0.3804
vn -0.0000 -0.3805 -0.9248
vn 0.1804 -0.3805 -0.9070
vn -0.0000 0.8286 -0.5598
vn 0.1092 0.8286 -0.5490
vn -0.0000 -0.5528 -0.8333
vn 0.1626 -0.5528 -0.8173
vn -0.0000 0.7041 -0.7101
vn 0.1385 0.7041 -0.6965
vn -0.0000 -0.7041 -0.7101
vn 0.1385 -0.7041 -0.6965
vn -0.0000 0.5528 -0.8333
vn 0.1626 0.5528 -0.8173
vn -0.0000 -0.8286 -0.5598
vn 0.1092 -0.8286 -0.5490
vn -0.0000 0.3805 -0.9248
vn 0.1804 0.3805 -0.9070
vn -0.0000 -0.9217 -0.3879
vn 0.0757 -0.9217 -0.3804
vn 0.2142 -0.8286 -0.5172
vn 0.1484 -0.9217 -0.3584
vn 0.3539 0.3805 -0.8544
vn 0.3754 0.1939 -0.9063
vn 0.0769 -0.9796 -0.1857
vn 0.3827 -0.0000 -0.9239
vn 0.0769 0.9796 -0.1857
vn 0.3754 -0.1939 -0.9063
vn 0.1484 0.9217 -0.3584
vn 0.3539 -0.3805 -0.8544
vn 0.2142 0.8286 -0.5172
vn 0.3189 -0.5528 -0.7699
vn 0.2718 0.7041 -0.6561
vn 0.2718 -0.7041 -0.6561
vn 0.3189 0.5528 -0.7699
vn 0.5138 -0.3805 -0.7689
vn 0.4630 -0.5528 -0.6929
vn 0.3110 0.8286 -0.4654
vn 0.3945 0.7041 -0.5905
vn 0.3945 -0.7041 -0.5905
vn 0.4630 0.5528 -0.6929
vn 0.3110 -0.8286 -0.4654
vn 0.5138 0.3805 -0.7689
vn 0.2155 -0.9217 -0.3225
vn 0.5450 0.1939 -0.8157
vn 0.1116 -0.9796 -0.1671
vn 0.5556 -0.0000 -0.8315
vn 0.1116 0.9796 -0.1671
vn 0.5450 -0.1939 -0.8157
vn 0.2155 0.9217 -0.3225
vn 0.2743 -0.9217 -0.2743
vn 0.1421 -0.9796 -0.1421
vn 0.6937 0.1939 -0.6937
vn 0.7071 -0.0000 -0.7071
vn 0.1421 0.9796 -0.1421
vn 0.6937 -0.1939 -0.6937
vn 0.2743 0.9217 -0.2743
vn 0.6539 -0.3805 -0.6539
vn 0.3958 0.8286 -0.3958
vn 0.5893 -0.5528 -0.5893
vn 0.5021 0.7041 -0.5021
vn 0.5021 -0.7041 -0.5021
vn 0.5893 0.5528 -0.5893
vn 0.3958 -0.8286 -0.3958
vn 0.6539 0.3805 -0.6539
vn 0.4654 0.8286 -0.3110
vn 0.5905 0.7041 -0.3945
vn 0.6929 -0.5528 -0.4630
vn 0.5905 -0.7041 -0.3945
vn 0.6929 0.5528 -0.4630
vn 0.4654 -0.8286 -0.3110
vn 0.7689 0.3805 -0.5138
vn 0.3225 -0.9217 -0.2155
vn 0.8157 0.1939 -0.5450
vn 0.1671 -0.9796 -0.1116
vn 0.8315 -0.0000 -0.5556
vn 0.1671 0.9796 -0.1116
vn 0.8157 -0.1939 -0.5450
vn 0.3225 0.9217 -0.2155
vn 0.7689 -0.3805 -0.5138
vn 0.9063 0.1939 -0.3754
vn 0.9239 -0.0000 -0.3827
vn 0.1857 0.9796 -0.0769
vn 0.1857 -0.9796 -0.0769
vn 0.9063 -0.1939 -0.3754
vn 0.3584 0.9217 -0.1484
vn 0.8544 -0.3805 -0.3539
vn 0.5172 0.8286 -0.2142
vn 0.7699 -0.5528 -0.3189
vn 0.6561 0.7041 -0.2718
vn 0.6561 -0.7041 -0.2718
vn 0.7699 0.5528 -0.3189
vn 0.5172 -0.8286 -0.2142
vn 0.8544 0.3805 -0.3539
vn 0.3584 -0.9217 -0.1484
vn 0.8173 -0.5528 -0.1626
vn 0.6965 -0.7041 -0.1385
vn 0.6965 0.7041 -0.1385
vn 0.8173 0.5528 -0.1626
vn 0.5490 -0.8286 -0.1092
vn 0.9070 0.3805 -0.1804
vn 0.3804 -0.9217 -0.0757
vn 0.9622 0.1939 -0.1914
vn 0.1971 -0.9796 -0.0392
vn 0.9808 -0.0000 -0.1951
vn 0.1971 0.9796 -0.0392
vn 0.9622 -0.1939 -0.1914
vn 0.3804 0.9217 -0.0757
vn 0.9070 -0.3805 -0.1804
vn 0.5490 0.8286 -0.1092
vn 0.2010 0.9796 -0.0000
vn 0.2010 -0.9796 -0.0000
vn 1.0000 -0.0000 -0.0000
vn 0.9810 -0.1939 -0.0000
vn 0.3879 0.9217 -0.0000
vn 0.9248 -0.3805 -0.0000
vn 0.5598 0.8286 -0.0000
vn 0.8333 -0.5528 -0.0000
vn 0.7101 0.7041 -0.0000
vn 0.7101 -0.7041 -0.0000
vn 0.8333 0.5528 -0.0000
vn 0.5598 -0.8286 -0.0000
vn 0.9248 0.3805 -0.0000
vn 0.3879 -0.9217 -0.0000
vn 0.9810 0.1939 -0.0000
vn 0.6965 0.7041 0.1385
vn 0.8173 0.5528 0.1626
vn 0.6965 -0.7041 0.1385
vn 0.5490 -0.8286 0.1092
vn 0.9070 0.3805 0.1804
vn 0.3804 -0.9217 0.0757
vn 0.9622 0.1939 0.1914
vn 0.1971 -0.9796 0.0392
vn 0.9808 -0.0000 0.1951
vn 0.1971 0.9796 0.0392
vn 0.9622 -0.1939 0.1914
vn 0.3804 0.9217 0.0757
vn 0.9070 -0.3805 0.1804
vn 0.5490 0.8286 0.1092
vn 0.8173 -0.5528 0.1626
vn 0.9239 -0.0000 0.3827
vn 0.9063 -0.1939 0.3754
vn 0.1857 0.9796 0.0769
vn 0.3584 0.9217 0.1484
vn 0.8544 -0.3805 0.3539
vn 0.5172 0.8286 0.2142
vn 0.7699 -0.5528 0.3189
vn 0.6561 0.7041 0.2718
vn 0.6561 -0.7041 0.2718
vn 0.7699 0.5528 0.3189
vn 0.5172 -0.8286 0.2142
vn 0.8544 0.3805 0.3539
vn 0.3584 -0.9217 0.1484
vn 0.9063 0.1939 0.3754
vn 0.1857 -0.9796 0.0769
vn 0.5905 -0.7041 0.3945
vn 0.4654 -0.8286 0.3110
vn 0.6929 0.5528 0.4630
vn 0.7689 0.3805 0.5138
vn 0.3225 -0.9217 0.2155
vn 0.8157 0.1939 0.5450
vn 0.1671 -0.9796 0.1116
vn 0.8315 -0.0000 0.5556
vn 0.1671 0.9796 0.1116
vn 0.8157 -0.1939 0.5450
vn 0.3225 0.9217 0.2155
vn 0.7689 -0.3805 0.5138
vn 0.4654 0.8286 0.3110
vn 0.6929 -0.5528 0.4630
vn 0.5905 0.7041 0.3945
vn 0.6937 -0.1939 0.6937
vn 0.6539 -0.3805 0.6539
vn 0.2743 0.9217 0.2743
vn 0.3958 0.8286 0.3958
vn 0.5893 -0.5528 0.5893
vn 0.5021 0.7041 0.5021
vn 0.5021 -0.7041 0.5021
vn 0.5893 0.5528 0.5893
vn 0.3958 -0.8286 0.3958
vn 0.6539 0.3805 0.6539
vn 0.2743 -0.9217 0.2743
vn 0.6937 0.1939 0.6937
vn 0.1421 -0.9796 0.1421
vn 0.7071 -0.0000 0.7071
vn 0.1421 0.9796 0.1421
vn 0.3110 -0.8286 0.4654
vn 0.2155 -0.9217 0.3225
vn 0.5138 0.3805 0.7689
vn 0.5450 0.1939 0.8157
vn 0.1116 -0.9796 0.1671
vn 0.5556 -0.0000 0.8315
vn 0.1116 0.9796 0.1671
vn 0.5450 -0.1939 0.8157
vn 0.2155 0.9217 0.3225
vn 0.5138 -0.3805 0.7689
vn 0.3110 0.8286 0.4654
vn 0.4630 -0.5528 0.6929
vn 0.3945 0.7041 0.5905
vn 0.3945 -0.7041 0.5905
vn 0.4630 0.5528 0.6929
vn 0.1484 0.9217 0.3584
vn 0.2142 0.8286 0.5172
vn 0.3539 -0.3805 0.8544
vn 0.3189 -0.5528 0.7699
vn 0.2718 0.7041 0.6561
vn 0.2718 -0.7041 0.6561
vn 0.3189 0.5528 0.7699
vn 0.2142 -0.8286 0.5172
vn 0.3539 0.3805 0.8544
vn 0.1484 -0.9217 0.3584
vn 0.3754 0.1939 0.9063
vn 0.0769 -0.9796 0.1857
vn 0.3827 -0.0000 0.9239
vn 0.0769 0.9796 0.1857
vn 0.3754 -0.1939 0.9063
vn 0.1804 0.3805 0.9070
vn 0.1914 0.1939 0.9622
vn 0.0757 -0.9217 0.3804
vn 0.0392 -0.9796 0.1971
vn 0.1951 -0.0000 0.9808
vn 0.0392 0.9796 0.1971
vn 0.1914 -0.1939 0.9622
vn 0.0757 0.9217 0.3804
vn 0.1804 -0.3805 0.9070
vn 0.1092 0.8286 0.5490
vn 0.1626 -0.5528 0.8173
vn 0.1385 0.7041 0.6965
vn 0.1385 -0.7041 0.6965
vn 0.1626 0.5528 0.8173
vn 0.1092 -0.8286 0.5490
vn -0.0000 -0.3805 0.9248
vn -0.0000 -0.5528 0.8333
vn -0.0000 0.8286 0.5598
vn -0.0000 0.7041 0.7101
vn -0.0000 -0.7041 0.7101
vn -0.0000 0.5528 0.8333
vn -0.0000 -0.8286 0.5598
vn -0.0000 0.3805 0.9248
vn -0.0000 -0.9217 0.3879
vn -0.0000 0.1939 0.9810
vn -0.0000 -0.9796 0.2010
vn -0.0000 -0.0000 1.0000
vn -0.0000 0.9796 0.2010
vn -0.0000 -0.1939 0.9810
vn -0.0000 0.9217 0.3879
vn -0.0757 -0.9217 0.3804
vn -0.0392 -0.9796 0.1971
vn -0.1914 0.1939 0.9622
vn -0.1951 -0.0000 0.9808
vn -0.0392 0.9796 0.1971
vn -0.1914 -0.1939 0.9622
vn -0.0757 0.9217 0.3804
vn -0.1804 -0.3805 0.9070
vn -0.1092 0.8286 0.5490
vn -0.1626 -0.5528 0.8173
vn -0.1385 0.7041 0.6965
vn -0.1385 -0.7041 0.6965
vn -0.1626 0.5528 0.8173
vn -0.1092 -0.8286 0.5490
vn -0.1804 0.3805 0.9070
vn -0.2142 0.8286 0.5172
vn -0.2718 0.7041 0.6561
vn -0.3189 -0.5528 0.7699
vn -0.2718 -0.7041 0.6561
vn -0.3189 0.5528 0.7699
vn -0.2142 -0.8286 0.5172
vn -0.3539 0.3805 0.8544
vn -0.1484 -0.9217 0.3584
vn -0.3754 0.1939 0.9063
vn -0.0769 -0.9796 0.1857
vn -0.3827 -0.0000 0.9239
vn -0.0769 0.9796 0.1857
vn -0.3754 -0.1939 0.9063
vn -0.1484 0.9217 0.3584
vn -0.3539 -0.3805 0.8544
vn -0.5450 0.1939 0.8157
vn -0.5556 -0.0000 0.8315
vn -0.1116 0.9796 0.1671
vn -0.1116 -0.9796 0.1671
vn -0.5450 -0.1939 0.8157
vn -0.2155 0.9217 0.3225
vn -0.5138 -0.3805 0.7689
vn -0.3110 0.8286 0.4654
vn -0.4630 -0.5528 0.6929
vn -0.3945 0.7041 0.5905
vn -0.3945 -0.7041 0.5905
vn -0.4630 0.5528 0.6929
vn -0.3110 -0.8286 0.4654
vn -0.5138 0.3805 0.7689
vn -0.2155 -0.9217 0.3225
vn -0.5893 -0.5528 0.5893
vn -0.5021 -0.7041 0.5021
vn -0.5021 0.7041 0.5021
vn -0.5893 0.5528 0.5893
vn -0.3958 -0.8286 0.3958
vn -0.6539 0.3805 0.6539
vn -0.2743 -0.9217 0.2743
vn -0.6937 0.1939 0.6937
vn -0.1421 -0.9796 0.1421
vn -0.7071 -0.0000 0.7071
vn -0.1421 0.9796 0.1421
vn -0.6937 -0.1939 0.6937
vn -0.2743 0.9217 0.2743
vn -0.6539 -0.3805 0.6539
vn -0.3958 0.8286 0.3958
vn -0.1671 -0.9796 0.1116
vn -0.8315 -0.0000 0.5556
vn -0.8157 -0.1939 0.5450
vn -0.1671 0.9796 0.1116
vn -0.3225 0.9217 0.2155
vn -0.7689 -0.3805 0.5138
vn -0.4654 0.8286 0.3110
vn -0.6929 -0.5528 0.4630
vn -0.5905 0.7041 0.3945
vn -0.5905 -0.7041 0.3945
vn -0.6929 0.5528 0.4630
vn -0.4654 -0.8286 0.3110
vn -0.7689 0.3805 0.5138
vn -0.3225 -0.9217 0.2155
vn -0.8157 0.1939 0.5450
vn -0.6561 -0.7041 0.2718
vn -0.5172 -0.8286 0.2142
vn -0.7699 0.5528 0.3189
vn -0.8544 0.3805 0.3539
vn -0.3584 -0.9217 0.1484
vn -0.9063 0.1939 0.3754
vn -0.1857 -0.9796 0.0769
vn -0.9239 -0.0000 0.3827
vn -0.1857 0.9796 0.0769
vn -0.9063 -0.1939 0.3754
vn -0.3584 0.9217 0.1484
vn -0.8544 -0.3805 0.3539
vn -0.5172 0.8286 0.2142
vn -0.7699 -0.5528 0.3189
vn -0.6561 0.7041 0.2718
vn -0.1971 0.9796 0.0392
vn -0.3804 0.9217 0.0757
vn -0.9622 -0.1939 0.1914
vn -0.9070 -0.3805 0.1804
vn -0.5490 0.8286 0.1092
vn -0.8173 -0.5528 0.1626
vn -0.6965 0.7041 0.1385
vn -0.6965 -0.7041 0.1385
vn -0.8173 0.5528 0.1626
vn -0.5490 -0.8286 0.1092
vn -0.9070 0.3805 0.1804
vn -0.3804 -0.9217 0.0757
vn -0.9622 0.1939 0.1914
vn -0.1971 -0.9796 0.0392
vn -0.9808 -0.0000 0.1951
vn -0.8333 0.5528 -0.0000
vn -0.9248 0.3805 -0.0000
vn -0.5598 -0.8286 -0.0000
vn -0.3879 -0.9217 -0.0000
vn -0.9810 0.1939 -0.0000
vn -0.2010 -0.9796 -0.0000
vn -1.0000 -0.0000 -0.0000
vn -0.2010 0.9796 -0.0000
vn -0.9810 -0.1939 -0.0000
vn -0.3879 0.9217 -0.0000
vn -0.9248 -0.3805 -0.0000
vn -0.5598 0.8286 -0.0000
vn -0.8333 -0.5528 -0.0000
vn -0.7101 0.7041 -0.0000
vn -0.7101 -0.7041 -0.0000
vn -0.9622 -0.1939 -0.1914
vn -0.9070 -0.3805 -0.1804
vn -0.3804 0.9217 -0.0757
vn -0.5490 0.8286 -0.1092
vn -0.8173 -0.5528 -0.1626
vn -0.6965 0.7041 -0.1385
vn -0.6965 -0.7041 -0.1385
vn -0.8173 0.5528 -0.1626
vn -0.5490 -0.8286 -0.1092
vn -0.9070 0.3805 -0.1804
vn -0.3804 -0.9217 -0.0757
vn -0.9622 0.1939 -0.1914
vn -0.1971 -0.9796 -0.0392
vn -0.9808 -0.0000 -0.1951
vn -0.1971 0.9796 -0.0392
vn -0.5172 -0.8286 -0.2142
vn -0.3584 -0.9217 -0.1484
vn -0.8544 0.3805 -0.3539
vn -0.9063 0.1939 -0.3754
vn -0.1857 -0.9796 -0.0769
vn -0.9239 -0.0000 -0.3827
vn -0.1857 0.9796 -0.0769
vn -0.9063 -0.1939 -0.3754
vn -0.3584 0.9217 -0.1484
vn -0.8544 -0.3805 -0.3539
vn -0.5172 0.8286 -0.2142
vn -0.7699 -0.5528 -0.3189
vn -0.6561 0.7041 -0.2718
vn -0.6561 -0.7041 -0.2718
vn -0.7699 0.5528 -0.3189
vn -0.3225 0.9217 -0.2155
vn -0.4654 0.8286 -0.3110
vn -0.7689 -0.3805 -0.5138
vn -0.6929 -0.5528 -0.4630
vn -0.5905 0.7041 -0.3945
vn -0.5905 -0.7041 -0.3945
vn -0.6929 0.5528 -0.4630
vn -0.4654 -0.8286 -0.3110
vn -0.7689 0.3805 -0.5138
vn -0.3225 -0.9217 -0.2155
vn -0.8157 0.1939 -0.5450
vn -0.1671 -0.9796 -0.1117
vn -0.8315 -0.0000 -0.5556
vn -0.1671 0.9796 -0.1117
vn -0.8157 -0.1939 -0.5450
vn -0.6539 0.3805 -0.6539
vn -0.6937 0.1939 -0.6937
vn -0.2743 -0.9217 -0.2743
vn -0.1421 -0.9796 -0.1421
vn -0.7071 -0.0000 -0.7071
vn -0.1421 0.9796 -0.1421
vn -0.6937 -0.1939 -0.6937
vn -0.2743 0.9217 -0.2743
vn -0.6539 -0.3805 -0.6539
vn -0.3958 0.8286 -0.3958
vn -0.5893 -0.5528 -0.5893
vn -0.5021 0.7041 -0.5021
vn -0.5021 -0.7041 -0.5021
vn -0.5893 0.5528 -0.5893
vn -0.3958 -0.8286 -0.3958
vn -0.5138 -0.3805 -0.7689
vn -0.4630 -0.5528 -0.6929
vn -0.3110 0.8286 -0.4654
vn -0.3945 0.7041 -0.5905
vn -0.3945 -0.7041 -0.5905
vn -0.4630 0.5528 -0.6929
vn -0.3110 -0.8286 -0.4654
vn -0.5138 0.3805 -0.7689
vn -0.2155 -0.9217 -0.3225
vn -0.5450 0.1939 -0.8157
vn -0.1116 -0.9796 -0.1671
vn -0.5556 -0.0000 -0.8315
vn -0.1116 0.9796 -0.1671
vn -0.5450 -0.1939 -0.8157
vn -0.2155 0.9217 -0.3225
vn -0.1484 -0.9217 -0.3584
vn -0.0769 -0.9796 -0.1857
vn -0.3754 0.1939 -0.9063
vn -0.3827 -0.0000 -0.9239
vn -0.0769 0.9796 -0.1857
vn -0.3754 -0.1939 -0.9063
vn -0.1484 0.9217 -0.3584
vn -0.3539 -0.3805 -0.8544
vn -0.2142 0.8286 -0.5172
vn -0.3189 -0.5528 -0.7699
vn -0.2718 0.7041 -0.6561
vn -0.2718 -0.7041 -0.6561
vn -0.3189 0.5528 -0.7699
vn -0.2142 -0.8286 -0.5172
vn -0.3539 0.3805 -0.8544
vn -0.1626 -0.5528 -0.8173
vn -0.1385 -0.7041 -0.6965
vn -0.1385 0.7041 -0.6965
vn -0.1626 0.5528 -0.8173
vn -0.1092 -0.8286 -0.5490
vn -0.1804 0.3805 -0.9070
vn -0.0757 -0.9217 -0.3804
vn -0.1914 0.1939 -0.9622
vn -0.0392 -0.9796 -0.1971
vn -0.1951 -0.0000 -0.9808
vn -0.0392 0.9796 -0.1971
vn -0.1914 -0.1939 -0.9622
vn -0.0757 0.9217 -0.3804
vn -0.1804 -0.3805 -0.9070
vn -0.1092 0.8286 -0.5490
vt 0.750000 0.500000
vt 0.750000 0.562500
vt 0.718750 0.562500
vt 0.718750 0.500000
vt 0.750000 0.937500
vt 0.734375 1.000000
vt 0.718750 0.937500
vt 0.734375 0.000000
vt 0.750000 0.062500
vt 0.718750 0.062500
vt 0.750000 0.437500
vt 0.718750 0.437500
vt 0.750000 0.875000
vt 0.718750 0.875000
vt 0.750000 0.375000
vt 0.718750 0.375000
vt 0.750000 0.812500
vt 0.718750 0.812500
vt 0.750000 0.312500
vt 0.718750 0.312500
vt 0.750000 0.750000
vt 0.718750 0.750000
vt 0.750000 0.250000
vt 0.718750 0.250000
vt 0.750000 0.687500
vt 0.718750 0.687500
vt 0.750000 0.187500
vt 0.718750 0.187500
vt 0.750000 0.625000
vt 0.718750 0.625000
vt 0.750000 0.125000
vt 0.718750 0.125000
vt 0.687500 0.187500
vt 0.687500 0.125000
vt 0.687500 0.625000
vt 0.687500 0.562500
vt 0.687500 0.062500
vt 0.687500 0.500000
vt 0.703125 1.000000
vt 0.687500 0.937500
vt 0.703125 0.000000
vt 0.687500 0.437500
vt 0.687500 0.875000
vt 0.687500 0.375000
vt 0.687500 0.812500
vt 0.687500 0.312500
vt 0.687500 0.750000
vt 0.687500 0.250000
vt 0.687500 0.687500
vt 0.656250 0.375000
vt 0.656250 0.312500
vt 0.656250 0.812500
vt 0.656250 0.750000
vt 0.656250 0.250000
vt 0.656250 0.687500
vt 0.656250 0.187500
vt 0.656250 0.625000
vt 0.656250 0.125000
vt 0.656250 0.562500
vt 0.656250 0.062500
vt 0.656250 0.500000
vt 0.671875 1.000000
vt 0.656250 0.937500
vt 0.671875 0.000000
vt 0.656250 0.437500
vt 0.656250 0.875000
vt 0.625000 0.125000
vt 0.625000 0.062500
vt 0.625000 0.562500
vt 0.625000 0.500000
vt 0.640625 1.000000
vt 0.625000 0.937500
vt 0.640625 0.000000
vt 0.625000 0.437500
vt 0.625000 0.875000
vt 0.625000 0.375000
vt 0.625000 0.812500
vt 0.625000 0.312500
vt 0.625000 0.750000
vt 0.625000 0.250000
vt 0.625000 0.687500
vt 0.625000 0.187500
vt 0.625000 0.625000
vt 0.593750 0.812500
vt 0.593750 0.750000
vt 0.593750 0.312500
vt 0.593750 0.250000
vt 0.593750 0.687500
vt 0.593750 0.187500
vt 0.593750 0.625000
vt 0.593750 0.125000
vt 0.593750 0.562500
vt 0.593750 0.062500
vt 0.593750 0.500000
vt 0.609375 1.000000
vt 0.593750 0.937500
vt 0.609375 0.000000
vt 0.593750 0.437500
vt 0.593750 0.875000
vt 0.593750 0.375000
vt 0.562500 0.562500
vt 0.562500 0.500000
vt 0.578125 1.000000
vt 0.562500 0.937500
vt 0.578125 0.000000
vt 0.562500 0.062500
vt 0.562500 0.437500
vt 0.562500 0.875000
vt 0.562500 0.375000
vt 0.562500 0.812500
vt 0.562500 0.312500
vt 0.562500 0.750000
vt 0.562500 0.250000
vt 0.562500 0.687500
vt 0.562500 0.187500
vt 0.562500 0.625000
vt 0.562500 0.125000
vt 0.531250 0.312500
vt 0.531250 0.250000
vt 0.531250 0.750000
vt 0.531250 0.687500
vt 0.531250 0.187500
vt 0.531250 0.625000
vt 0.531250 0.125000
vt 0.531250 0.562500
vt 0.531250 0.062500
vt 0.531250 0.500000
vt 0.546875 1.000000
vt 0.531250 0.937500
vt 0.546875 0.000000
vt 0.531250 0.437500
vt 0.531250 0.875000
vt 0.531250 0.375000
vt 0.531250 0.812500
vt 0.515625 1.000000
vt 0.500000 0.937500
vt 0.515625 0.000000
vt 0.500000 0.062500
vt 0.500000 0.500000
vt 0.500000 0.437500
vt 0.500000 0.875000
vt 0.500000 0.375000
vt 0.500000 0.812500
vt 0.500000 0.312500
vt 0.500000 0.750000
vt 0.500000 0.250000
vt 0.500000 0.687500
vt 0.500000 0.187500
vt 0.500000 0.625000
vt 0.500000 0.125000
vt 0.500000 0.562500
vt 0.468750 0.750000
vt 0.468750 0.687500
vt 0.468750 0.250000
vt 0.468750 0.187500
vt 0.468750 0.625000
vt 0.468750 0.125000
vt 0.468750 0.562500
vt 0.468750 0.062500
vt 0.468750 0.500000
vt 0.484375 1.000000
vt 0.468750 0.937500
vt 0.484375 0.000000
vt 0.468750 0.437500
vt 0.468750 0.875000
vt 0.468750 0.375000
vt 0.468750 0.812500
vt 0.468750 0.312500
vt 0.437500 0.500000
vt 0.437500 0.437500
vt 0.437500 0.937500
vt 0.437500 0.875000
vt 0.437500 0.375000
vt 0.437500 0.812500
vt 0.437500 0.312500
vt 0.437500 0.750000
vt 0.437500 0.250000
vt 0.437500 0.687500
vt 0.437500 0.187500
vt 0.437500 0.625000
vt 0.437500 0.125000
vt 0.437500 0.562500
vt 0.437500 0.062500
vt 0.453125 1.000000
vt 0.453125 0.000000
vt 0.406250 0.250000
vt 0.406250 0.187500
vt 0.406250 0.687500
vt 0.406250 0.625000
vt 0.406250 0.125000
vt 0.406250 0.562500
vt 0.406250 0.062500
vt 0.406250 0.500000
vt 0.421875 1.000000
vt 0.406250 0.937500
vt 0.421875 0.000000
vt 0.406250 0.437500
vt 0.406250 0.875000
vt 0.406250 0.375000
vt 0.406250 0.812500
vt 0.406250 0.312500
vt 0.406250 0.750000
vt 0.375000 0.437500
vt 0.375000 0.375000
vt 0.375000 0.875000
vt 0.375000 0.812500
vt 0.375000 0.312500
vt 0.375000 0.750000
vt 0.375000 0.250000
vt 0.375000 0.687500
vt 0.375000 0.187500
vt 0.375000 0.625000
vt 0.375000 0.125000
vt 0.375000 0.562500
vt 0.375000 0.062500
vt 0.375000 0.500000
vt 0.390625 1.000000
vt 0.375000 0.937500
vt 0.390625 0.000000
vt 0.343750 0.187500
vt 0.343750 0.125000
vt 0.343750 0.625000
vt 0.343750 0.562500
vt 0.343750 0.062500
vt 0.343750 0.500000
vt 0.359375 1.000000
vt 0.343750 0.937500
vt 0.359375 0.000000
vt 0.343750 0.437500
vt 0.343750 0.875000
vt 0.343750 0.375000
vt 0.343750 0.812500
vt 0.343750 0.312500
vt 0.343750 0.750000
vt 0.343750 0.250000
vt 0.343750 0.687500
vt 0.312500 0.875000
vt 0.312500 0.812500
vt 0.312500 0.375000
vt 0.312500 0.312500
vt 0.312500 0.750000
vt 0.312500 0.250000
vt 0.312500 0.687500
vt 0.312500 0.187500
vt 0.312500 0.625000
vt 0.312500 0.125000
vt 0.312500 0.562500
vt 0.312500 0.062500
vt 0.312500 0.500000
vt 0.328125 1.000000
vt 0.312500 0.937500
vt 0.328125 0.000000
vt 0.312500 0.437500
vt 0.281250 0.625000
vt 0.281250 0.562500
vt 0.281250 0.125000
vt 0.281250 0.062500
vt 0.281250 0.500000
vt 0.296875 1.000000
vt 0.281250 0.937500
vt 0.296875 0.000000
vt 0.281250 0.437500
vt 0.281250 0.875000
vt 0.281250 0.375000
vt 0.281250 0.812500
vt 0.281250 0.312500
vt 0.281250 0.750000
vt 0.281250 0.250000
vt 0.281250 0.687500
vt 0.281250 0.187500
vt 0.250000 0.375000
vt 0.250000 0.312500
vt 0.250000 0.812500
vt 0.250000 0.750000
vt 0.250000 0.250000
vt 0.250000 0.687500
vt 0.250000 0.187500
vt 0.250000 0.625000
vt 0.250000 0.125000
vt 0.250000 0.562500
vt 0.250000 0.062500
vt 0.250000 0.500000
vt 0.265625 1.000000
vt 0.250000 0.937500
vt 0.265625 0.000000
vt 0.250000 0.437500
vt 0.250000 0.875000
vt 0.218750 0.125000
vt 0.218750 0.062500
vt 0.218750 0.562500
vt 0.218750 0.500000
vt 0.234375 1.000000
vt 0.218750 0.937500
vt 0.234375 0.000000
vt 0.218750 0.437500
vt 0.218750 0.875000
vt 0.218750 0.375000
vt 0.218750 0.812500
vt 0.218750 0.312500
vt 0.218750 0.750000
vt 0.218750 0.250000
vt 0.218750 0.687500
vt 0.218750 0.187500
vt 0.218750 0.625000
vt 0.187500 0.812500
vt 0.187500 0.750000
vt 0.187500 0.312500
vt 0.187500 0.250000
vt 0.187500 0.687500
vt 0.187500 0.187500
vt 0.187500 0.625000
vt 0.187500 0.125000
vt 0.187500 0.562500
vt 0.187500 0.062500
vt 0.187500 0.500000
vt 0.203125 1.000000
vt 0.187500 0.937500
vt 0.203125 0.000000
vt 0.187500 0.437500
vt 0.187500 0.875000
vt 0.187500 0.375000
vt 0.156250 0.562500
vt 0.156250 0.500000
vt 0.171875 1.000000
vt 0.156250 0.937500
vt 0.171875 0.000000
vt 0.156250 0.062500
vt 0.156250 0.437500
vt 0.156250 0.875000
vt 0.156250 0.375000
vt 0.156250 0.812500
vt 0.156250 0.312500
vt 0.156250 0.750000
vt 0.156250 0.250000
vt 0.156250 0.687500
vt 0.156250 0.187500
vt 0.156250 0.625000
vt 0.156250 0.125000
vt 0.125000 0.312500
vt 0.125000 0.250000
vt 0.125000 0.750000
vt 0.125000 0.687500
vt 0.125000 0.187500
vt 0.125000 0.625000
vt 0.125000 0.125000
vt 0.125000 0.562500
vt 0.125000 0.062500
vt 0.125000 0.500000
vt 0.140625 1.000000
vt 0.125000 0.937500
vt 0.140625 0.000000
vt 0.125000 0.437500
vt 0.125000 0.875000
vt 0.125000 0.375000
vt 0.125000 0.812500
vt 0.109375 0.000000
vt 0.093750 0.062500
vt 0.093750 0.500000
vt 0.093750 0.437500
vt 0.093750 0.937500
vt 0.093750 0.875000
vt 0.093750 0.375000
vt 0.093750 0.812500
vt 0.093750 0.312500
vt 0.093750 0.750000
vt 0.093750 0.250000
vt 0.093750 0.687500
vt 0.093750 0.187500
vt 0.093750 0.625000
vt 0.093750 0.125000
vt 0.093750 0.562500
vt 0.109375 1.000000
vt 0.062500 0.250000
vt 0.062500 0.187500
vt 0.062500 0.687500
vt 0.062500 0.625000
vt 0.062500 0.125000
vt 0.062500 0.562500
vt 0.062500 0.062500
vt 0.062500 0.500000
vt 0.078125 1.000000
vt 0.062500 0.937500
vt 0.078125 0.000000
vt 0.062500 0.437500
vt 0.062500 0.875000
vt 0.062500 0.375000
vt 0.062500 0.812500
vt 0.062500 0.312500
vt 0.062500 0.750000
vt 0.031250 0.937500
vt 0.031250 0.875000
vt 0.031250 0.437500
vt 0.031250 0.375000
vt 0.031250 0.812500
vt 0.031250 0.312500
vt 0.031250 0.750000
vt 0.031250 0.250000
vt 0.031250 0.687500
vt 0.031250 0.187500
vt 0.031250 0.625000
vt 0.031250 0.125000
vt 0.031250 0.562500
vt 0.031250 0.062500
vt 0.031250 0.500000
vt 0.046875 1.000000
vt 0.046875 0.000000
vt 0.000000 0.687500
vt 0.000000 0.625000
vt 0.000000 0.187500
vt 0.000000 0.125000
vt 0.000000 0.562500
vt 0.000000 0.062500
vt 0.000000 0.500000
vt 0.015625 1.000000
vt 0.000000 0.937500
vt 0.015625 0.000000
vt 0.000000 0.437500
vt 0.000000 0.875000
vt 0.000000 0.375000
vt 0.000000 0.812500
vt 0.000000 0.312500
vt 0.000000 0.750000
vt 0.000000 0.250000
vt 1.000000 0.375000
vt 1.000000 0.437500
vt 0.968750 0.437500
vt 0.968750 0.375000
vt 1.000000 0.812500
vt 1.000000 0.875000
vt 0.968750 0.875000
vt 0.968750 0.812500
vt 1.000000 0.312500
vt 0.968750 0.312500
vt 1.000000 0.750000
vt 0.968750 0.750000
vt 1.000000 0.250000
vt 0.968750 0.250000
vt 1.000000 0.687500
vt 0.968750 0.687500
vt 1.000000 0.187500
vt 0.968750 0.187500
vt 1.000000 0.625000
vt 0.968750 0.625000
vt 1.000000 0.125000
vt 0.968750 0.125000
vt 1.000000 0.562500
vt 0.968750 0.562500
vt 1.000000 0.062500
vt 0.968750 0.062500
vt 1.000000 0.500000
vt 0.968750 0.500000
vt 1.000000 0.937500
vt 0.984375 1.000000
vt 0.968750 0.937500
vt 0.984375 0.000000
vt 0.937500 0.187500
vt 0.937500 0.125000
vt 0.937500 0.625000
vt 0.937500 0.562500
vt 0.937500 0.062500
vt 0.937500 0.500000
vt 0.953125 1.000000
vt 0.937500 0.937500
vt 0.953125 0.000000
vt 0.937500 0.437500
vt 0.937500 0.875000
vt 0.937500 0.375000
vt 0.937500 0.812500
vt 0.937500 0.312500
vt 0.937500 0.750000
vt 0.937500 0.250000
vt 0.937500 0.687500
vt 0.906250 0.875000
vt 0.906250 0.812500
vt 0.906250 0.375000
vt 0.906250 0.312500
vt 0.906250 0.750000
vt 0.906250 0.250000
vt 0.906250 0.687500
vt 0.906250 0.187500
vt 0.906250 0.625000
vt 0.906250 0.125000
vt 0.906250 0.562500
vt 0.906250 0.062500
vt 0.906250 0.500000
vt 0.921875 1.000000
vt 0.906250 0.937500
vt 0.921875 0.000000
vt 0.906250 0.437500
vt 0.875000 0.625000
vt 0.875000 0.562500
vt 0.875000 0.125000
vt 0.875000 0.062500
vt 0.875000 0.500000
vt 0.890625 1.000000
vt 0.875000 0.937500
vt 0.890625 0.000000
vt 0.875000 0.437500
vt 0.875000 0.875000
vt 0.875000 0.375000
vt 0.875000 0.812500
vt 0.875000 0.312500
vt 0.875000 0.750000
vt 0.875000 0.250000
vt 0.875000 0.687500
vt 0.875000 0.187500
vt 0.843750 0.375000
vt 0.843750 0.312500
vt 0.843750 0.812500
vt 0.843750 0.750000
vt 0.843750 0.250000
vt 0.843750 0.687500
vt 0.843750 0.187500
vt 0.843750 0.625000
vt 0.843750 0.125000
vt 0.843750 0.562500
vt 0.843750 0.062500
vt 0.843750 0.500000
vt 0.859375 1.000000
vt 0.843750 0.937500
vt 0.859375 0.000000
vt 0.843750 0.437500
vt 0.843750 0.875000
vt 0.812500 0.125000
vt 0.812500 0.062500
vt 0.812500 0.562500
vt 0.812500 0.500000
vt 0.828125 1.000000
vt 0.812500 0.937500
vt 0.828125 0.000000
vt 0.812500 0.437500
vt 0.812500 0.875000
vt 0.812500 0.375000
vt 0.812500 0.812500
vt 0.812500 0.312500
vt 0.812500 0.750000
vt 0.812500 0.250000
vt 0.812500 0.687500
vt 0.812500 0.187500
vt 0.812500 0.625000
vt 0.781250 0.312500
vt 0.781250 0.250000
vt 0.781250 0.750000
vt 0.781250 0.687500
vt 0.781250 0.187500
vt 0.781250 0.625000
vt 0.781250 0.125000
vt 0.781250 0.562500
vt 0.781250 0.062500
vt 0.781250 0.500000
vt 0.796875 1.000000
vt 0.781250 0.937500
vt 0.796875 0.000000
vt 0.781250 0.437500
vt 0.781250 0.875000
vt 0.781250 0.375000
vt 0.781250 0.812500
vt 0.765625 1.000000
vt 0.765625 0.000000
s 1
usemtl BURLYWOOD4
f 836/391/223 835/392/224 845/393/225 846/394/226
f 1306/395/227 914/396/228 839/397/229
f 1140/398/230 1314/399/231 853/400/232
f 837/401/233 836/391/223 846/394/226 847/402/234
f 1307/403/235 1306/395/227 839/397/229 840/404/236
f 1310/405/237 837/401/233 847/402/234 848/406/238
f 833/407/239 1307/403/235 840/404/236 841/408/240
f 838/409/241 1310/405/237 848/406/238 849/410/242
f 1308/411/243 833/407/239 841/408/240 842/412/244
f 1311/413/245 838/409/241 849/410/242 850/414/246
f 834/415/247 1308/411/243 842/412/244 843/416/248
f 1312/417/249 1311/413/245 850/414/246 851/418/250
f 1309/419/251 834/415/247 843/416/248 844/420/252
f 1313/421/253 1312/417/249 851/418/250 852/422/254
f 835/392/224 1309/419/251 844/420/252 845/393/225
f 1314/399/231 1313/421/253 852/422/254 853/400/232
f 852/422/254 851/418/250 866/423/255 867/424/256
f 845/393/225 844/420/252 859/425/257 860/426/258
f 853/400/232 852/422/254 867/424/256 868/427/259
f 846/394/226 845/393/225 860/426/258 861/428/260
f 839/397/229 914/429/228 854/430/261
f 1140/431/230 853/400/232 868/427/259
f 847/402/234 846/394/226 861/428/260 862/432/262
f 840/404/236 839/397/229 854/430/261 855/433/263
f 848/406/238 847/402/234 862/432/262 863/434/264
f 841/408/240 840/404/236 855/433/263 856/435/265
f 849/410/242 848/406/238 863/434/264 864/436/266
f 842/412/244 841/408/240 856/435/265 857/437/267
f 850/414/246 849/410/242 864/436/266 865/438/268
f 843/416/248 842/412/244 857/437/267 858/439/269
f 851/418/250 850/414/246 865/438/268 866/423/255
f 844/420/252 843/416/248 858/439/269 859/425/257
f 864/436/266 863/434/264 878/440/270 879/441/271
f 857/437/267 856/435/265 871/442/272 872/443/273
f 865/438/268 864/436/266 879/441/271 880/444/274
f 858/439/269 857/437/267 872/443/273 873/445/275
f 866/423/255 865/438/268 880/444/274 881/446/276
f 859/425/257 858/439/269 873/445/275 874/447/277
f 867/424/256 866/423/255 881/446/276 882/448/278
f 860/426/258 859/425/257 874/447/277 875/449/279
f 868/427/259 867/424/256 882/448/278 883/450/280
f 861/428/260 860/426/258 875/449/279 876/451/281
f 854/430/261 914/452/228 869/453/282
f 1140/454/230 868/427/259 883/450/280
f 862/432/262 861/428/260 876/451/281 877/455/283
f 855/433/263 854/430/261 869/453/282 870/456/284
f 863/434/264 862/432/262 877/455/283 878/440/270
f 856/435/265 855/433/263 870/456/284 871/442/272
f 883/450/280 882/448/278 897/457/285 898/458/286
f 876/451/281 875/449/279 890/459/287 891/460/288
f 869/453/282 914/461/228 884/462/289
f 1140/463/230 883/450/280 898/458/286
f 877/455/283 876/451/281 891/460/288 892/464/290
f 870/456/284 869/453/282 884/462/289 885/465/291
f 878/440/270 877/455/283 892/464/290 893/466/292
f 871/442/272 870/456/284 885/465/291 886/467/293
f 879/441/271 878/440/270 893/466/292 894/468/294
f 872/443/273 871/442/272 886/467/293 887/469/295
f 880/444/274 879/441/271 894/468/294 895/470/296
f 873/445/275 872/443/273 887/469/295 888/471/297
f 881/446/276 880/444/274 895/470/296 896/472/298
f 874/447/277 873/445/275 888/471/297 889/473/299
f 882/448/278 881/446/276 896/472/298 897/457/285
f 875/449/279 874/447/277 889/473/299 890/459/287
f 887/469/295 886/467/293 901/474/300 902/475/301
f 895/470/296 894/468/294 909/476/302 910/477/303
f 888/471/297 887/469/295 902/475/301 903/478/304
f 896/472/298 895/470/296 910/477/303 911/479/305
f 889/473/299 888/471/297 903/478/304 904/480/306
f 897/457/285 896/472/298 911/479/305 912/481/307
f 890/459/287 889/473/299 904/480/306 905/482/308
f 898/458/286 897/457/285 912/481/307 913/483/309
f 891/460/288 890/459/287 905/482/308 906/484/310
f 884/462/289 914/485/228 899/486/311
f 1140/487/230 898/458/286 913/483/309
f 892/464/290 891/460/288 906/484/310 907/488/312
f 885/465/291 884/462/289 899/486/311 900/489/313
f 893/466/292 892/464/290 907/488/312 908/490/314
f 886/467/293 885/465/291 900/489/313 901/474/300
f 894/468/294 893/466/292 908/490/314 909/476/302
f 906/484/310 905/482/308 921/491/315 922/492/316
f 899/486/311 914/493/228 915/494/317
f 1140/495/230 913/483/309 929/496/318
f 907/488/312 906/484/310 922/492/316 923/497/319
f 900/489/313 899/486/311 915/494/317 916/498/320
f 908/490/314 907/488/312 923/497/319 924/499/321
f 901/474/300 900/489/313 916/498/320 917/500/322
f 909/476/302 908/490/314 924/499/321 925/501/323
f 902/475/301 901/474/300 917/500/322 918/502/324
f 910/477/303 909/476/302 925/501/323 926/503/325
f 903/478/304 902/475/301 918/502/324 919/504/326
f 911/479/305 910/477/303 926/503/325 927/505/327
f 904/480/306 903/478/304 919/504/326 920/506/328
f 912/481/307 911/479/305 927/505/327 928/507/329
f 905/482/308 904/480/306 920/506/328 921/491/315
f 913/483/309 912/481/307 928/507/329 929/496/318
f 926/503/325 925/501/323 940/508/330 941/509/331
f 919/504/326 918/502/324 933/510/332 934/511/333
f 927/505/327 926/503/325 941/509/331 942/512/334
f 920/506/328 919/504/326 934/511/333 935/513/335
f 928/507/329 927/505/327 942/512/334 943/514/336
f 921/491/315 920/506/328 935/513/335 936/515/337
f 929/496/318 928/507/329 943/514/336 944/516/338
f 922/492/316 921/491/315 936/515/337 937/517/339
f 915/494/317 914/518/228 930/519/340
f 1140/520/230 929/496/318 944/516/338
f 923/497/319 922/492/316 937/517/339 938/521/341
f 916/498/320 915/494/317 930/519/340 931/522/342
f 924/499/321 923/497/319 938/521/341 939/523/343
f 917/500/322 916/498/320 931/522/342 932/524/344
f 925/501/323 924/499/321 939/523/343 940/508/330
f 918/502/324 917/500/322 932/524/344 933/510/332
f 930/519/340 914/525/228 945/526/345
f 1140/527/230 944/516/338 959/528/346
f 938/521/341 937/517/339 952/529/347 953/530/348
f 931/522/342 930/519/340 945/526/345 946/531/349
f 939/523/343 938/521/341 953/530/348 954/532/350
f 932/524/344 931/522/342 946/531/349 947/533/351
f 940/508/330 939/523/343 954/532/350 955/534/352
f 933/510/332 932/524/344 947/533/351 948/535/353
f 941/509/331 940/508/330 955/534/352 956/536/354
f 934/511/333 933/510/332 948/535/353 949/537/355
f 942/512/334 941/509/331 956/536/354 957/538/356
f 935/513/335 934/511/333 949/537/355 950/539/357
f 943/514/336 942/512/334 957/538/356 958/540/358
f 936/515/337 935/513/335 950/539/357 951/541/359
f 944/516/338 943/514/336 958/540/358 959/528/346
f 937/517/339 936/515/337 951/541/359 952/529/347
f 949/537/355 948/535/353 963/542/360 964/543/361
f 957/538/356 956/536/354 971/544/362 972/545/363
f 950/539/357 949/537/355 964/543/361 965/546/364
f 958/540/358 957/538/356 972/545/363 973/547/365
f 951/541/359 950/539/357 965/546/364 966/548/366
f 959/528/346 958/540/358 973/547/365 974/549/367
f 952/529/347 951/541/359 966/548/366 967/550/368
f 945/526/345 914/551/228 960/552/369
f 1140/553/230 959/528/346 974/549/367
f 953/530/348 952/529/347 967/550/368 968/554/370
f 946/531/349 945/526/345 960/552/369 961/555/371
f 954/532/350 953/530/348 968/554/370 969/556/372
f 947/533/351 946/531/349 961/555/371 962/557/373
f 955/534/352 954/532/350 969/556/372 970/558/374
f 948/535/353 947/533/351 962/557/373 963/542/360
f 956/536/354 955/534/352 970/558/374 971/544/362
f 968/554/370 967/550/368 982/559/375 983/560/376
f 961/555/371 960/552/369 975/561/377 976/562/378
f 969/556/372 968/554/370 983/560/376 984/563/379
f 962/557/373 961/555/371 976/562/378 977/564/380
f 970/558/374 969/556/372 984/563/379 985/565/381
f 963/542/360 962/557/373 977/564/380 978/566/382
f 971/544/362 970/558/374 985/565/381 986/567/383
f 964/543/361 963/542/360 978/566/382 979/568/384
f 972/545/363 971/544/362 986/567/383 987/569/385
f 965/546/364 964/543/361 979/568/384 980/570/386
f 973/547/365 972/545/363 987/569/385 988/571/387
f 966/548/366 965/546/364 980/570/386 981/572/388
f 974/549/367 973/547/365 988/571/387 989/573/389
f 967/550/368 966/548/366 981/572/388 982/559/375
f 960/552/369 914/574/228 975/561/377
f 1140/575/230 974/549/367 989/573/389
f 987/569/385 986/567/383 1001/576/390 1002/577/391
f 980/570/386 979/568/384 994/578/392 995/579/393
f 988/571/387 987/569/385 1002/577/391 1003/580/394
f 981/572/388 980/570/386 995/579/393 996/581/395
f 989/573/389 988/571/387 1003/580/394 1004/582/396
f 982/559/375 981/572/388 996/581/395 997/583/397
f 975/561/377 914/584/228 990/585/398
f 1140/586/230 989/573/389 1004/582/396
f 983/560/376 982/559/375 997/583/397 998/587/399
f 976/562/378 975/561/377 990/585/398 991/588/400
f 984/563/379 983/560/376 998/587/399 999/589/401
f 977/564/380 976/562/378 991/588/400 992/590/402
f 985/565/381 984/563/379 999/589/401 1000/591/403
f 978/566/382 977/564/380 992/590/402 993/592/404
f 986/567/383 985/565/381 1000/591/403 1001/576/390
f 979/568/384 978/566/382 993/592/404 994/578/392
f 999/589/401 998/587/399 1013/593/405 1014/594/406
f 992/590/402 991/588/400 1006/595/407 1007/596/408
f 1000/591/403 999/589/401 1014/594/406 1015/597/409
f 993/592/404 992/590/402 1007/596/408 1008/598/410
f 1001/576/390 1000/591/403 1015/597/409 1016/599/411
f 994/578/392 993/592/404 1008/598/410 1009/600/412
f 1002/577/391 1001/576/390 1016/599/411 1017/601/413
f 995/579/393 994/578/392 1009/600/412 1010/602/414
f 1003/580/394 1002/577/391 1017/601/413 1018/603/415
f 996/581/395 995/579/393 1010/602/414 1011/604/416
f 1004/582/396 1003/580/394 1018/603/415 1019/605/417
f 997/583/397 996/581/395 1011/604/416 1012/606/418
f 990/585/398 914/607/228 1005/608/419
f 1140/609/230 1004/582/396 1019/605/417
f 998/587/399 997/583/397 1012/606/418 1013/593/405
f 991/588/400 990/585/398 1005/608/419 1006/595/407
f 1018/603/415 1017/601/413 1032/610/420 1033/611/421
f 1011/604/416 1010/602/414 1025/612/422 1026/613/423
f 1019/605/417 1018/603/415 1033/611/421 1034/614/424
f 1012/606/418 1011/604/416 1026/613/423 1027/615/425
f 1005/608/419 914/616/228 1020/617/426
f 1140/618/230 1019/605/417 1034/614/424
f 1013/593/405 1012/606/418 1027/615/425 1028/619/427
f 1006/595/407 1005/608/419 1020/617/426 1021/620/428
f 1014/594/406 1013/593/405 1028/619/427 1029/621/429
f 1007/596/408 1006/595/407 1021/620/428 1022/622/430
f 1015/597/409 1014/594/406 1029/621/429 1030/623/431
f 1008/598/410 1007/596/408 1022/622/430 1023/624/432
f 1016/599/411 1015/597/409 1030/623/431 1031/625/433
f 1009/600/412 1008/598/410 1023/624/432 1024/626/434
f 1017/601/413 1016/599/411 1031/625/433 1032/610/420
f 1010/602/414 1009/600/412 1024/626/434 1025/612/422
f 1022/622/430 1021/620/428 1036/627/435 1037/628/436
f 1030/623/431 1029/621/429 1044/629/437 1045/630/438
f 1023/624/432 1022/622/430 1037/628/436 1038/631/439
f 1031/625/433 1030/623/431 1045/630/438 1046/632/440
f 1024/626/434 1023/624/432 1038/631/439 1039/633/441
f 1032/610/420 1031/625/433 1046/632/440 1047/634/442
f 1025/612/422 1024/626/434 1039/633/441 1040/635/443
f 1033/611/421 1032/610/420 1047/634/442 1048/636/444
f 1026/613/423 1025/612/422 1040/635/443 1041/637/445
f 1034/614/424 1033/611/421 1048/636/444 1049/638/446
f 1027/615/425 1026/613/423 1041/637/445 1042/639/447
f 1020/617/426 914/640/228 1035/641/448
f 1140/642/230 1034/614/424 1049/638/446
f 1028/619/427 1027/615/425 1042/639/447 1043/643/449
f 1021/620/428 1020/617/426 1035/641/448 1036/627/435
f 1029/621/429 1028/619/427 1043/643/449 1044/629/437
f 1041/637/445 1040/635/443 1055/644/450 1056/645/451
f 1049/638/446 1048/636/444 1063/646/452 1064/647/453
f 1042/639/447 1041/637/445 1056/645/451 1057/648/454
f 1035/641/448 914/649/228 1050/650/455
f 1140/651/230 1049/638/446 1064/647/453
f 1043/643/449 1042/639/447 1057/648/454 1058/652/456
f 1036/627/435 1035/641/448 1050/650/455 1051/653/457
f 1044/629/437 1043/643/449 1058/652/456 1059/654/458
f 1037/628/436 1036/627/435 1051/653/457 1052/655/459
f 1045/630/438 1044/629/437 1059/654/458 1060/656/460
f 1038/631/439 1037/628/436 1052/655/459 1053/657/461
f 1046/632/440 1045/630/438 1060/656/460 1061/658/462
f 1039/633/441 1038/631/439 1053/657/461 1054/659/463
f 1047/634/442 1046/632/440 1061/658/462 1062/660/464
f 1040/635/443 1039/633/441 1054/659/463 1055/644/450
f 1048/636/444 1047/634/442 1062/660/464 1063/646/452
f 1060/656/460 1059/654/458 1074/661/465 1075/662/466
f 1053/657/461 1052/655/459 1067/663/467 1068/664/468
f 1061/658/462 1060/656/460 1075/662/466 1076/665/469
f 1054/659/463 1053/657/461 1068/664/468 1069/666/470
f 1062/660/464 1061/658/462 1076/665/469 1077/667/471
f 1055/644/450 1054/659/463 1069/666/470 1070/668/472
f 1063/646/452 1062/660/464 1077/667/471 1078/669/473
f 1056/645/451 1055/644/450 1070/668/472 1071/670/474
f 1064/647/453 1063/646/452 1078/669/473 1079/671/475
f 1057/648/454 1056/645/451 1071/670/474 1072/672/476
f 1050/650/455 914/673/228 1065/674/477
f 1140/675/230 1064/647/453 1079/671/475
f 1058/652/456 1057/648/454 1072/672/476 1073/676/478
f 1051/653/457 1050/650/455 1065/674/477 1066/677/479
f 1059/654/458 1058/652/456 1073/676/478 1074/661/465
f 1052/655/459 1051/653/457 1066/677/479 1067/663/467
f 1079/671/475 1078/669/473 1093/678/480 1094/679/481
f 1072/672/476 1071/670/474 1086/680/482 1087/681/483
f 1065/674/477 914/682/228 1080/683/484
f 1140/684/230 1079/671/475 1094/679/481
f 1073/676/478 1072/672/476 1087/681/483 1088/685/485
f 1066/677/479 1065/674/477 1080/683/484 1081/686/486
f 1074/661/465 1073/676/478 1088/685/485 1089/687/487
f 1067/663/467 1066/677/479 1081/686/486 1082/688/488
f 1075/662/466 1074/661/465 1089/687/487 1090/689/489
f 1068/664/468 1067/663/467 1082/688/488 1083/690/490
f 1076/665/469 1075/662/466 1090/689/489 1091/691/491
f 1069/666/470 1068/664/468 1083/690/490 1084/692/492
f 1077/667/471 1076/665/469 1091/691/491 1092/693/493
f 1070/668/472 1069/666/470 1084/692/492 1085/694/494
f 1078/669/473 1077/667/471 1092/693/493 1093/678/480
f 1071/670/474 1070/668/472 1085/694/494 1086/680/482
f 1083/690/490 1082/688/488 1097/695/495 1098/696/496
f 1091/691/491 1090/689/489 1105/697/497 1106/698/498
f 1084/692/492 1083/690/490 1098/696/496 1099/699/499
f 1092/693/493 1091/691/491 1106/698/498 1107/700/500
f 1085/694/494 1084/692/492 1099/699/499 1100/701/501
f 1093/678/480 1092/693/493 1107/700/500 1108/702/502
f 1086/680/482 1085/694/494 1100/701/501 1101/703/503
f 1094/679/481 1093/678/480 1108/702/502 1109/704/504
f 1087/681/483 1086/680/482 1101/703/503 1102/705/505
f 1080/683/484 914/706/228 1095/707/506
f 1140/708/230 1094/679/481 1109/704/504
f 1088/685/485 1087/681/483 1102/705/505 1103/709/507
f 1081/686/486 1080/683/484 1095/707/506 1096/710/508
f 1089/687/487 1088/685/485 1103/709/507 1104/711/509
f 1082/688/488 1081/686/486 1096/710/508 1097/695/495
f 1090/689/489 1089/687/487 1104/711/509 1105/697/497
f 1102/705/505 1101/703/503 1116/712/510 1117/713/511
f 1095/707/506 914/714/228 1110/715/512
f 1140/716/230 1109/704/504 1124/717/513
f 1103/709/507 1102/705/505 1117/713/511 1118/718/514
f 1096/710/508 1095/707/506 1110/715/512 1111/719/515
f 1104/711/509 1103/709/507 1118/718/514 1119/720/516
f 1097/695/495 1096/710/508 1111/719/515 1112/721/517
f 1105/697/497 1104/711/509 1119/720/516 1120/722/518
f 1098/696/496 1097/695/495 1112/721/517 1113/723/519
f 1106/698/498 1105/697/497 1120/722/518 1121/724/520
f 1099/699/499 1098/696/496 1113/723/519 1114/725/521
f 1107/700/500 1106/698/498 1121/724/520 1122/726/522
f 1100/701/501 1099/699/499 1114/725/521 1115/727/523
f 1108/702/502 1107/700/500 1122/726/522 1123/728/524
f 1101/703/503 1100/701/501 1115/727/523 1116/712/510
f 1109/704/504 1108/702/502 1123/728/524 1124/717/513
f 1121/724/520 1120/722/518 1135/729/525 1136/730/526
f 1114/725/521 1113/723/519 1128/731/527 1129/732/528
f 1122/726/522 1121/724/520 1136/730/526 1137/733/529
f 1115/727/523 1114/725/521 1129/732/528 1130/734/530
f 1123/728/524 1122/726/522 1137/733/529 1138/735/531
f 1116/712/510 1115/727/523 1130/734/530 1131/736/532
f 1124/717/513 1123/728/524 1138/735/531 1139/737/533
f 1117/713/511 1116/712/510 1131/736/532 1132/738/534
f 1110/715/512 914/739/228 1125/740/535
f 1140/741/230 1124/717/513 1139/737/533
f 1118/718/514 1117/713/511 1132/738/534 1133/742/536
f 1111/719/515 1110/715/512 1125/740/535 1126/743/537
f 1119/720/516 1118/718/514 1133/742/536 1134/744/538
f 1112/721/517 1111/719/515 1126/743/537 1127/745/539
f 1120/722/518 1119/720/516 1134/744/538 1135/729/525
f 1113/723/519 1112/721/517 1127/745/539 1128/731/527
f 1140/746/230 1139/737/533 1155/747/540
f 1133/742/536 1132/738/534 1148/748/541 1149/749/542
f 1126/743/537 1125/740/535 1141/750/543 1142/751/544
f 1134/744/538 1133/742/536 1149/749/542 1150/752/545
f 1127/745/539 1126/743/537 1142/751/544 1143/753/546
f 1135/729/525 1134/744/538 1150/752/545 1151/754/547
f 1128/731/527 1127/745/539 1143/753/546 1144/755/548
f 1136/730/526 1135/729/525 1151/754/547 1152/756/549
f 1129/732/528 1128/731/527 1144/755/548 1145/757/550
f 1137/733/529 1136/730/526 1152/756/549 1153/758/551
f 1130/734/530 1129/732/528 1145/757/550 1146/759/552
f 1138/735/531 1137/733/529 1153/758/551 1154/760/553
f 1131/736/532 1130/734/530 1146/759/552 1147/761/554
f 1139/737/533 1138/735/531 1154/760/553 1155/747/540
f 1132/738/534 1131/736/532 1147/761/554 1148/748/541
f 1125/740/535 914/762/228 1141/750/543
f 1153/758/551 1152/756/549 1167/763/555 1168/764/556
f 1146/759/552 1145/757/550 1160/765/557 1161/766/558
f 1154/760/553 1153/758/551 1168/764/556 1169/767/559
f 1147/761/554 1146/759/552 1161/766/558 1162/768/560
f 1155/747/540 1154/760/553 1169/767/559 1170/769/561
f 1148/748/541 1147/761/554 1162/768/560 1163/770/562
f 1141/750/543 914/771/228 1156/772/563
f 1140/773/230 1155/747/540 1170/769/561
f 1149/749/542 1148/748/541 1163/770/562 1164/774/564
f 1142/751/544 1141/750/543 1156/772/563 1157/775/565
f 1150/752/545 1149/749/542 1164/774/564 1165/776/566
f 1143/753/546 1142/751/544 1157/775/565 1158/777/567
f 1151/754/547 1150/752/545 1165/776/566 1166/778/568
f 1144/755/548 1143/753/546 1158/777/567 1159/779/569
f 1152/756/549 1151/754/547 1166/778/568 1167/763/555
f 1145/757/550 1144/755/548 1159/779/569 1160/765/557
f 1157/775/565 1156/772/563 1171/780/570 1172/781/571
f 1165/776/566 1164/774/564 1179/782/572 1180/783/573
f 1158/777/567 1157/775/565 1172/781/571 1173/784/574
f 1166/778/568 1165/776/566 1180/783/573 1181/785/575
f 1159/779/569 1158/777/567 1173/784/574 1174/786/576
f 1167/763/555 1166/778/568 1181/785/575 1182/787/577
f 1160/765/557 1159/779/569 1174/786/576 1175/788/578
f 1168/764/556 1167/763/555 1182/787/577 1183/789/579
f 1161/766/558 1160/765/557 1175/788/578 1176/790/580
f 1169/767/559 1168/764/556 1183/789/579 1184/791/581
f 1162/768/560 1161/766/558 1176/790/580 1177/792/582
f 1170/769/561 1169/767/559 1184/791/581 1185/793/583
f 1163/770/562 1162/768/560 1177/792/582 1178/794/584
f 1156/772/563 914/795/228 1171/780/570
f 1140/796/230 1170/769/561 1185/793/583
f 1164/774/564 1163/770/562 1178/794/584 1179/782/572
f 1176/790/580 1175/788/578 1190/797/585 1191/798/586
f 1184/791/581 1183/789/579 1198/799/587 1199/800/588
f 1177/792/582 1176/790/580 1191/798/586 1192/801/589
f 1185/793/583 1184/791/581 1199/800/588 1200/802/590
f 1178/794/584 1177/792/582 1192/801/589 1193/803/591
f 1171/780/570 914/804/228 1186/805/592
f 1140/806/230 1185/793/583 1200/802/590
f 1179/782/572 1178/794/584 1193/803/591 1194/807/593
f 1172/781/571 1171/780/570 1186/805/592 1187/808/594
f 1180/783/573 1179/782/572 1194/807/593 1195/809/595
f 1173/784/574 1172/781/571 1187/808/594 1188/810/596
f 1181/785/575 1180/783/573 1195/809/595 1196/811/597
f 1174/786/576 1173/784/574 1188/810/596 1189/812/598
f 1182/787/577 1181/785/575 1196/811/597 1197/813/599
f 1175/788/578 1174/786/576 1189/812/598 1190/797/585
f 1183/789/579 1182/787/577 1197/813/599 1198/799/587
f 1195/814/595 1194/815/593 1209/816/600 1210/817/601
f 1188/818/596 1187/819/594 1202/820/602 1203/821/603
f 1196/822/597 1195/814/595 1210/817/601 1211/823/604
f 1189/824/598 1188/818/596 1203/821/603 1204/825/605
f 1197/826/599 1196/822/597 1211/823/604 1212/827/606
f 1190/828/585 1189/824/598 1204/825/605 1205/829/607
f 1198/830/587 1197/826/599 1212/827/606 1213/831/608
f 1191/832/586 1190/828/585 1205/829/607 1206/833/609
f 1199/834/588 1198/830/587 1213/831/608 1214/835/610
f 1192/836/589 1191/832/586 1206/833/609 1207/837/611
f 1200/838/590 1199/834/588 1214/835/610 1215/839/612
f 1193/840/591 1192/836/589 1207/837/611 1208/841/613
f 1186/842/592 914/843/228 1201/844/614
f 1140/845/230 1200/838/590 1215/839/612
f 1194/815/593 1193/840/591 1208/841/613 1209/816/600
f 1187/819/594 1186/842/592 1201/844/614 1202/820/602
f 1214/835/610 1213/831/608 1228/846/615 1229/847/616
f 1207/837/611 1206/833/609 1221/848/617 1222/849/618
f 1215/839/612 1214/835/610 1229/847/616 1230/850/619
f 1208/841/613 1207/837/611 1222/849/618 1223/851/620
f 1201/844/614 914/852/228 1216/853/621
f 1140/854/230 1215/839/612 1230/850/619
f 1209/816/600 1208/841/613 1223/851/620 1224/855/622
f 1202/820/602 1201/844/614 1216/853/621 1217/856/623
f 1210/817/601 1209/816/600 1224/855/622 1225/857/624
f 1203/821/603 1202/820/602 1217/856/623 1218/858/625
f 1211/823/604 1210/817/601 1225/857/624 1226/859/626
f 1204/825/605 1203/821/603 1218/858/625 1219/860/627
f 1212/827/606 1211/823/604 1226/859/626 1227/861/628
f 1205/829/607 1204/825/605 1219/860/627 1220/862/629
f 1213/831/608 1212/827/606 1227/861/628 1228/846/615
f 1206/833/609 1205/829/607 1220/862/629 1221/848/617
f 1218/858/625 1217/856/623 1232/863/630 1233/864/631
f 1226/859/626 1225/857/624 1240/865/632 1241/866/633
f 1219/860/627 1218/858/625 1233/864/631 1234/867/634
f 1227/861/628 1226/859/626 1241/866/633 1242/868/635
f 1220/862/629 1219/860/627 1234/867/634 1235/869/636
f 1228/846/615 1227/861/628 1242/868/635 1243/870/637
f 1221/848/617 1220/862/629 1235/869/636 1236/871/638
f 1229/847/616 1228/846/615 1243/870/637 1244/872/639
f 1222/849/618 1221/848/617 1236/871/638 1237/873/640
f 1230/850/619 1229/847/616 1244/872/639 1245/874/641
f 1223/851/620 1222/849/618 1237/873/640 1238/875/642
f 1216/853/621 914/876/228 1231/877/643
f 1140/878/230 1230/850/619 1245/874/641
f 1224/855/622 1223/851/620 1238/875/642 1239/879/644
f 1217/856/623 1216/853/621 1231/877/643 1232/863/630
f 1225/857/624 1224/855/622 1239/879/644 1240/865/632
f 1237/873/640 1236/871/638 1251/880/645 1252/881/646
f 1245/874/641 1244/872/639 1259/882/647 1260/883/648
f 1238/875/642 1237/873/640 1252/881/646 1253/884/649
f 1231/877/643 914/885/228 1246/886/650
f 1140/887/230 1245/874/641 1260/883/648
f 1239/879/644 1238/875/642 1253/884/649 1254/888/651
f 1232/863/630 1231/877/643 1246/886/650 1247/889/652
f 1240/865/632 1239/879/644 1254/888/651 1255/890/653
f 1233/864/631 1232/863/630 1247/889/652 1248/891/654
f 1241/866/633 1240/865/632 1255/890/653 1256/892/655
f 1234/867/634 1233/864/631 1248/891/654 1249/893/656
f 1242/868/635 1241/866/633 1256/892/655 1257/894/657
f 1235/869/636 1234/867/634 1249/893/656 1250/895/658
f 1243/870/637 1242/868/635 1257/894/657 1258/896/659
f 1236/871/638 1235/869/636 1250/895/658 1251/880/645
f 1244/872/639 1243/870/637 1258/896/659 1259/882/647
f 1256/892/655 1255/890/653 1270/897/660 1271/898/661
f 1249/893/656 1248/891/654 1263/899/662 1264/900/663
f 1257/894/657 1256/892/655 1271/898/661 1272/901/664
f 1250/895/658 1249/893/656 1264/900/663 1265/902/665
f 1258/896/659 1257/894/657 1272/901/664 1273/903/666
f 1251/880/645 1250/895/658 1265/902/665 1266/904/667
f 1259/882/647 1258/896/659 1273/903/666 1274/905/668
f 1252/881/646 1251/880/645 1266/904/667 1267/906/669
f 1260/883/648 1259/882/647 1274/905/668 1275/907/670
f 1253/884/649 1252/881/646 1267/906/669 1268/908/671
f 1246/886/650 914/909/228 1261/910/672
f 1140/911/230 1260/883/648 1275/907/670
f 1254/888/651 1253/884/649 1268/908/671 1269/912/673
f 1247/889/652 1246/886/650 1261/910/672 1262/913/674
f 1255/890/653 1254/888/651 1269/912/673 1270/897/660
f 1248/891/654 1247/889/652 1262/913/674 1263/899/662
f 1275/907/670 1274/905/668 1289/914/675 1290/915/676
f 1268/908/671 1267/906/669 1282/916/677 1283/917/678
f 1261/910/672 914/918/228 1276/919/679
f 1140/920/230 1275/907/670 1290/915/676
f 1269/912/673 1268/908/671 1283/917/678 1284/921/680
f 1262/913/674 1261/910/672 1276/919/679 1277/922/681
f 1270/897/660 1269/912/673 1284/921/680 1285/923/682
f 1263/899/662 1262/913/674 1277/922/681 1278/924/683
f 1271/898/661 1270/897/660 1285/923/682 1286/925/684
f 1264/900/663 1263/899/662 1278/924/683 1279/926/685
f 1272/901/664 1271/898/661 1286/925/684 1287/927/686
f 1265/902/665 1264/900/663 1279/926/685 1280/928/687
f 1273/903/666 1272/901/664 1287/927/686 1288/929/688
f 1266/904/667 1265/902/665 1280/928/687 1281/930/689
f 1274/905/668 1273/903/666 1288/929/688 1289/914/675
f 1267/906/669 1266/904/667 1281/930/689 1282/916/677
f 1287/927/686 1286/925/684 1301/931/690 1302/932/691
f 1280/928/687 1279/926/685 1294/933/692 1295/934/693
f 1288/929/688 1287/927/686 1302/932/691 1303/935/694
f 1281/930/689 1280/928/687 1295/934/693 1296/936/695
f 1289/914/675 1288/929/688 1303/935/694 1304/937/696
f 1282/916/677 1281/930/689 1296/936/695 1297/938/697
f 1290/915/676 1289/914/675 1304/937/696 1305/939/698
f 1283/917/678 1282/916/677 1297/938/697 1298/940/699
f 1276/919/679 914/941/228 1291/942/700
f 1140/943/230 1290/915/676 1305/939/698
f 1284/921/680 1283/917/678 1298/940/699 1299/944/701
f 1277/922/681 1276/919/679 1291/942/700 1292/945/702
f 1285/923/682 1284/921/680 1299/944/701 1300/946/703
f 1278/924/683 1277/922/681 1292/945/702 1293/947/704
f 1286/925/684 1285/923/682 1300/946/703 1301/931/690
f 1279/926/685 1278/924/683 1293/947/704 1294/933/692
f 1291/942/700 914/948/228 1306/395/227
f 1140/949/230 1305/939/698 1314/399/231
f 1299/944/701 1298/940/699 836/391/223 837/401/233
f 1292/945/702 1291/942/700 1306/395/227 1307/403/235
f 1300/946/703 1299/944/701 837/401/233 1310/405/237
f 1293/947/704 1292/945/702 1307/403/235 833/407/239
f 1301/931/690 1300/946/703 1310/405/237 838/409/241
f 1294/933/692 1293/947/704 833/407/239 1308/411/243
f 1302/932/691 1301/931/690 838/409/241 1311/413/245
f 1295/934/693 1294/933/692 1308/411/243 834/415/247
f 1303/935/694 1302/932/691 1311/413/245 1312/417/249
f 1296/936/695 1295/934/693 834/415/247 1309/419/251
f 1304/937/696 1303/935/694 1312/417/249 1313/421/253
f 1297/938/697 1296/936/695 1309/419/251 835/392/224
f 1305/939/698 1304/937/696 1313/421/253 1314/399/231
f 1298/940/699 1297/938/697 835/392/224 836/391/223
